,Package Name,Reviewer,Review,Rating,,,,
0,com.jeyluta.timestampcamerafree,Mujeeb Rahman,A true support for job,5,,,,
1,com.jeyluta.timestampcamerafree,Seven Blade,Good,5,,,,
2,com.jeyluta.timestampcamerafree,Frank izevbigie Frank1234,Beautiful,5,,,,
3,com.jeyluta.timestampcamerafree,Marvin Dayondon,Its a good time in timestamp camera app. My only concern is it take some time to start the app..,5,,,,
4,com.jeyluta.timestampcamerafree,Renu Khera,Nice and Clear photo and useful for watch out time,5,,,,
5,com.jeyluta.timestampcamerafree,"LAMZON, Nathaniel G.","it is a superb and functional app. the upgrade on having second line on the title name gives more distinction. since I am using a free version, the upgrade on leverage to chose font type with kind of color is a very kind act, since on my old phone, those details are restricted.",5,,,,
6,com.jeyluta.timestampcamerafree,Ravi Kumar,Good experience ap,5,,,,
7,com.jeyluta.timestampcamerafree,Awadhesh Dixit,Nice,5,,,,
8,com.jeyluta.timestampcamerafree,imade robyana,Good app. I love it,5,,,,
9,com.jeyluta.timestampcamerafree,Syrus Tama,I love it üíØüëçüèæüëèüèæ,4,,,,
10,com.jeyluta.timestampcamerafree,Muhamad Rajip Mat Jadi,Good,5,,,,
11,com.jeyluta.timestampcamerafree,Lawrence Schiffner,Good to mark mmm occasions,4,,,,
12,com.jeyluta.timestampcamerafree,Arjun Singh,Delete apps,5,,,,
13,com.jeyluta.timestampcamerafree,Raj Rani,Nice app,5,,,,
14,com.jeyluta.timestampcamerafree,CrownRoyal1985,Good.,4,,,,
15,com.jeyluta.timestampcamerafree,Basil,üëç,5,,,,
16,com.jeyluta.timestampcamerafree,Kumar P,Nice,5,,,,
17,com.jeyluta.timestampcamerafree,Supon ahmed,Good,5,,,,
18,com.jeyluta.timestampcamerafree,Su Jenny,Very useful and easy.,5,,,,
19,com.jeyluta.timestampcamerafree,Ishwarrao Sutrave,Good,5,,,,
20,com.jeyluta.timestampcamerafree,Lee Bell,Good,5,,,,
21,com.jeyluta.timestampcamerafree,Chaudhary imran hussain,Very good,4,,,,
22,com.jeyluta.timestampcamerafree,J Akash,So bad,1,,,,
23,com.jeyluta.timestampcamerafree,Abdullah Al Mahamud,good,5,,,,
24,com.jeyluta.timestampcamerafree,Johar Ali,Nounses,1,,,,
25,com.jeyluta.timestampcamerafree,Hrishikesh Shilimkar,Best time stamp ever used,5,,,,
26,com.jeyluta.timestampcamerafree,Herdedi Buladi,Good application,5,,,,
27,com.jeyluta.timestampcamerafree,civil engineer,Wide angle camera to be included which is present in IOS app,4,,,,
28,com.jeyluta.timestampcamerafree,Mamah zara,Good application ..,5,,,,
29,com.jeyluta.timestampcamerafree,sardar gill,Great,5,,,,
30,com.jeyluta.timestampcamerafree,John Jones,Okay,4,,,,
31,com.jeyluta.timestampcamerafree,Max Rangel,Gratis for work,5,,,,
32,com.jeyluta.timestampcamerafree,HAMEED A,Marvellous,5,,,,
33,com.jeyluta.timestampcamerafree,Maksym,easy and necessary for work. thanks.,5,,,,
34,com.jeyluta.timestampcamerafree,GPSA,Excellent,4,,,,
35,com.jeyluta.timestampcamerafree,Mahbub Billah Shoboj,Nice Applications,5,,,,
36,com.jeyluta.timestampcamerafree,Pramod Sharma,Excellent,4,,,,
37,com.jeyluta.timestampcamerafree,Tilak Raj,Good & wonderful experience,5,,,,
38,com.jeyluta.timestampcamerafree,Alok Mishra,Superüëåüëå,5,,,,
39,com.jeyluta.timestampcamerafree,Muhammad Ismail 554,"The app is easy to use and custom watermarks really helped me with my works, ads are there but the size of ads and occurence is rational so I dont mind. Great work!",5,,,,
40,com.jeyluta.timestampcamerafree,Miguel Medina,"Easy to use, very accurate location",5,,,,
41,com.jeyluta.timestampcamerafree,MUHAMMAD PERVAIZ,Good,5,,,,
42,com.jeyluta.timestampcamerafree,Mohd Samsudin,Easy to use,5,,,,
43,com.jeyluta.timestampcamerafree,Sadiq Khan,Very useful,5,,,,
44,com.jeyluta.timestampcamerafree,Balaji Ramachandran,Not using my phone,5,,,,
45,com.jeyluta.timestampcamerafree,Steven Dunnam,Great app works like its suppose to,5,,,,
46,com.jeyluta.timestampcamerafree,kelly estepa,Nice,5,,,,
47,com.jeyluta.timestampcamerafree,ANNELYN YENYEN CHAN,user friendly,5,,,,
48,com.jeyluta.timestampcamerafree,Jacob Carrasquillo,"REAL GOOD! BETTER THAN I EXPECTED, but for some features, requires PRO, which I don't have money for. Otherwise, the camera is beyond good.",5,,,,
49,com.jeyluta.timestampcamerafree,Nikhil Fulsunge,Normal aap,2,,,,
50,com.jeyluta.timestampcamerafree,Kanish Both,Okkkkk,5,,,,
51,com.jeyluta.timestampcamerafree,Syueb Abuhanifah,Not too bad,4,,,,
52,com.jeyluta.timestampcamerafree,Debashri Jana,Ok,3,,,,
53,com.jeyluta.timestampcamerafree,clydelegend09,Absolutely brilliant,5,,,,
54,com.jeyluta.timestampcamerafree,Gg Gy,Goooooooddddddddddddd,5,,,,
55,com.jeyluta.timestampcamerafree,daudi mussa,Perfect,5,,,,
56,com.jeyluta.timestampcamerafree,umer javed,Satisfying,5,,,,
57,com.jeyluta.timestampcamerafree,Md Nurul,Good,5,,,,
58,com.jeyluta.timestampcamerafree,Joe Axtell,Totally love the app!,5,,,,
59,com.jeyluta.timestampcamerafree,Tarun Manghnani,Nice,5,,,,
60,com.jeyluta.timestampcamerafree,James Linardi Hou,Is this for school?,5,,,,
61,com.jeyluta.timestampcamerafree,Dustin Klep,Works well to take pictures a d document time and date.,5,,,,
62,com.jeyluta.timestampcamerafree,deepak acharya,Good,5,,,,
63,com.jeyluta.timestampcamerafree,Oelof Kruger,Awesome,5,,,,
64,com.jeyluta.timestampcamerafree,Ganesh vavilapalli,Good app,5,,,,
65,com.jeyluta.timestampcamerafree,Subir Kundu,Very useful,5,,,,
66,com.jeyluta.timestampcamerafree,Shalini Bajpai,Very helpful...,4,,,,
67,com.jeyluta.timestampcamerafree,prem devpal,Ok,5,,,,
68,com.jeyluta.timestampcamerafree,Jude Laddaran,It's good,1,,,,
69,com.jeyluta.timestampcamerafree,Zulhafizy Ahmad,Night time photo not so good,3,,,,
70,com.jeyluta.timestampcamerafree,Cal Will,Need the app to have a 4 digit code to open & then lock after closed. Also need it to share automatically with cloud services like Google Drive & One Cloud .,1,,,,
71,com.jeyluta.timestampcamerafree,Praba Mrpee,Very good and fast,5,,,,
72,com.jeyluta.timestampcamerafree,Steve Cross,"I cant tell you how much I like and use this app, a came across a burst water main in the middle of the road the other day in the middle of nowhere, snapped the photo emailed reported done. I liked the app so much I purchased it as who wouldn't support a clever developer like this. Thank you",5,,,,
73,com.jeyluta.timestampcamerafree,arif budiman,Bagus,5,,,,
74,com.jeyluta.timestampcamerafree,lutgard brutas,very good,5,,,,
75,com.jeyluta.timestampcamerafree,Harshita Meena,Ok,5,,,,
76,com.jeyluta.timestampcamerafree,aj gako,So great üëçüëçüëç,5,,,,
77,com.jeyluta.timestampcamerafree,YES -I- CAN,Very incredible,5,,,,
78,com.jeyluta.timestampcamerafree,Dan Meskel,Perfect picture for providing proof that can not be disputed!,5,,,,
79,com.jeyluta.timestampcamerafree,Mehtab Farheen,Excellent,5,,,,
80,com.jeyluta.timestampcamerafree,richardpareja Pareja,Nice and very easy to use,5,,,,
81,com.jeyluta.timestampcamerafree,Yeo Chuen Kiat,Very user friendly,5,,,,
82,com.jeyluta.timestampcamerafree,Hi Mobile,üëçüëçüëçüëçüëç,5,,,,
83,com.jeyluta.timestampcamerafree,Sheetal Sarang,Amazing app.,5,,,,
84,com.jeyluta.timestampcamerafree,Caleb Ayimful,It is a very good experience .,5,,,,
85,com.jeyluta.timestampcamerafree,Arief Sulfie,Good,5,,,,
86,com.jeyluta.timestampcamerafree,Karen Lippoldt,Love it. Perfect for work,5,,,,
87,com.jeyluta.timestampcamerafree,Anita French,Only thing wrong is saying address for next door. How do you change this ?,3,,,,
88,com.jeyluta.timestampcamerafree,Arki Vlogz-77,"Very good app, easy to use...",5,,,,
89,com.jeyluta.timestampcamerafree,Carl Schulze,A very handy app.,5,,,,
90,com.jeyluta.timestampcamerafree,Muhamad Mad,Gud,5,,,,
91,com.jeyluta.timestampcamerafree,jhong asia,Nice apps very useful...,5,,,,
92,com.jeyluta.timestampcamerafree,travis reynolds,Overall app works great after reading everyones complaints i then went back and checked your specs to understand why dont have as much as a problem compared to my colleagues and other uses. the reason most of you complaing about sluggish get a better phone this app works great on android 11 or up as per specs... loction issues you cant blame developer for that... that again is your phones gps accuracy. 1 suggestion thou pls add a feature for us peeps with 3 or more lenzes would love a wide angle,4,,,,
93,com.jeyluta.timestampcamerafree,joel panizales,Very usefull apps for me specially as riders,5,,,,
94,com.jeyluta.timestampcamerafree,Sachin Jadhav,Unexpected app nice,5,,,,
95,com.jeyluta.timestampcamerafree,Rani Zack,OK,5,,,,
96,com.jeyluta.timestampcamerafree,data team,üëç üëç üëç üëç üëç,5,,,,
97,com.jeyluta.timestampcamerafree,bipin kumar,Picture and video quality came to very pls follow up,1,,,,
98,com.jeyluta.timestampcamerafree,devi singh,Good,5,,,,
99,com.jeyluta.timestampcamerafree,Joey's Ride PH,Excellent app,5,,,,
100,com.jeyluta.timestampcamerafree,Sheikh Mohammad Nazim,Beautiful app for proof,5,,,,
101,com.jeyluta.timestampcamerafree,Mitchell A,Perfect for when timestamps are important.,5,,,,
102,com.jeyluta.timestampcamerafree,Arren Garlinge,Best one I've found! Customisable and easy to use!,5,,,,
103,com.jeyluta.timestampcamerafree,Samuel Priscilla,Wonderful Ok,5,,,,
104,com.jeyluta.timestampcamerafree,marvu denish,Fantastic on my side,5,,,,
105,com.jeyluta.timestampcamerafree,darshan patel,Very nice app,4,,,,
106,com.jeyluta.timestampcamerafree,Mike Pongan,very good,5,,,,
107,com.jeyluta.timestampcamerafree,SATISH MINJ,Mind-blowing,5,,,,
108,com.jeyluta.timestampcamerafree,pohkhui,Pretty OK. The time and date stamp are 2 key things,4,,,,
109,com.jeyluta.timestampcamerafree,Naga Deep,WhatsApp comes very late to send picture that is the main problem,1,,,,
110,com.jeyluta.timestampcamerafree,Karun Jain,I liked it very much but the only problem is when i copy the image in the computer its not opening and an error msg appears always.,4,,,,
111,com.jeyluta.timestampcamerafree,Cleo Macabales,Awesome,5,,,,
112,com.jeyluta.timestampcamerafree,Dharwsh Ahmed,Good,5,,,,
113,com.jeyluta.timestampcamerafree,Patti Nammalwar,Good,4,,,,
114,com.jeyluta.timestampcamerafree,Avni jaiswal,"Very good ,excellent",4,,,,
115,com.jeyluta.timestampcamerafree,Ashley Buckee,Perfect for what I needed it for.,5,,,,
116,com.jeyluta.timestampcamerafree,Kenasion Kenasion,Good,5,,,,
117,com.jeyluta.timestampcamerafree,Abraham Alosodey,GPS,2,,,,
118,com.jeyluta.timestampcamerafree,Rizwan Ansari GULAFSHAN NAZEER,Everywhere....,5,,,,
119,com.jeyluta.timestampcamerafree,M.N. Akash,5 star,5,,,,
120,com.jeyluta.timestampcamerafree,Saibo OJ,"GOOD, BUT ITS DARK ON VIDEO WHEN AT NIGHT EVEN IF IT HAS A FLASHLIGHT",4,,,,
121,com.jeyluta.timestampcamerafree,Abhyraj Saini,Verry nice üëçüëçüëçüëç,5,,,,
122,com.jeyluta.timestampcamerafree,Kenneth Kia,Nice app,5,,,,
123,com.jeyluta.timestampcamerafree,sanjit kumar panda,Very good,4,,,,
124,com.jeyluta.timestampcamerafree,ronnieTV Roco,Amazing camera... Nice apps,5,,,,
125,com.jeyluta.timestampcamerafree,Sylvia Abramovici,Very good app,5,,,,
126,com.jeyluta.timestampcamerafree,Teresa Duarte,Updated and fast,5,,,,
127,com.jeyluta.timestampcamerafree,Vergel Albacite,Excellent,5,,,,
128,com.jeyluta.timestampcamerafree,theintin ling,Good. Thanks you.,5,,,,
129,com.jeyluta.timestampcamerafree,tanmaya panigrahi,Gd,5,,,,
130,com.jeyluta.timestampcamerafree,yada giri,Very nice use full this app,4,,,,
131,com.jeyluta.timestampcamerafree,Judith Dangkua,Bagus,5,,,,
132,com.jeyluta.timestampcamerafree,Suthagar Sutha,Gud apps,5,,,,
133,com.jeyluta.timestampcamerafree,Zaini HP,Very good app.,4,,,,
134,com.jeyluta.timestampcamerafree,Awnish Pratap Singh,Some time it shows address but some time it doesn't.,2,,,,
135,com.jeyluta.timestampcamerafree,RAJU S B,Not fine,5,,,,
136,com.jeyluta.timestampcamerafree,Arvind,Best app ever to snap clocking picture.. No lagging,5,,,,
137,com.jeyluta.timestampcamerafree,Mukesh kumar,Fgu,3,,,,
138,com.jeyluta.timestampcamerafree,Ravi Sinha,Tabtod,5,,,,
139,com.jeyluta.timestampcamerafree,Mark Bagtas,Love it,5,,,,
140,com.jeyluta.timestampcamerafree,santhosh goud,Very useful for daily,5,,,,
141,com.jeyluta.timestampcamerafree,Chama Vishnu,Sp,5,,,,
142,com.jeyluta.timestampcamerafree,Riiko Tsurumi,Laggy and every time I captured a photo it wont show up in the app or my gallery. My storage is 225/250gb and this phone is brand new but it still wont work.,1,,,,
143,com.jeyluta.timestampcamerafree,DHARMENDRA KUMAR,best app,5,,,,
144,com.jeyluta.timestampcamerafree,rahmat abdullah,Qwertyuiop,5,,,,
145,com.jeyluta.timestampcamerafree,disney inefrnu,logging,5,,,,
146,com.jeyluta.timestampcamerafree,Rupali Budhavale,Excellent üëç,5,,,,
147,com.jeyluta.timestampcamerafree,Leon H,Some difficulty,3,,,,
148,com.jeyluta.timestampcamerafree,andy salva√±a,Superb,5,,,,
149,com.jeyluta.timestampcamerafree,chantisuresh 44,V.good app,5,,,,
150,com.jeyluta.timestampcamerafree,ƒê·ªô Ph√πng,Like that app.,5,,,,
151,com.jeyluta.timestampcamerafree,Familia Boado Compilation Videos,"This is the best camera app in the world you can pause your video while you're recording, and you can switch the camera while you're recording.",5,,,,
152,com.jeyluta.timestampcamerafree,Heer Haswani,Superb,5,,,,
153,com.jeyluta.timestampcamerafree,Sunil Patel,Very nice time stamp camera,5,,,,
154,com.jeyluta.timestampcamerafree,Tom Conn,Best Time Date Stamp app I have found. However the open shutter sound volume is not adjustable. And it is very loud and disturbing. Do not want to turn off. And do not not want to turn phone's volume down as it would affect other apps. Would happily pay for pro version if it would control volume. Otherwise will keep looking for another app.,4,,,,
155,com.jeyluta.timestampcamerafree,Yusi Rahmawati,Great app,5,,,,
156,com.jeyluta.timestampcamerafree,princess canlas,Very satisfied ‚ò∫Ô∏è,5,,,,
157,com.jeyluta.timestampcamerafree,Ian Bradley,Inaccurate. The app is telling me I live at number 4 when I live at number 2,2,,,,
158,com.jeyluta.timestampcamerafree,Rina Ranee,Clear and easy to use,5,,,,
159,com.jeyluta.timestampcamerafree,Dan,Great for covid tests to prove you're positive.,5,,,,
160,com.jeyluta.timestampcamerafree,shrikanth poojary,I am facing error inthis app,5,,,,
161,com.jeyluta.timestampcamerafree,Shaikh Kaleem,BestüíØ,5,,,,
162,com.jeyluta.timestampcamerafree,Papa Rich Wee,Very good app.,5,,,,
163,com.jeyluta.timestampcamerafree,Xolile Distribution,Good,5,,,,
164,com.jeyluta.timestampcamerafree,Dip≈ç√±k≈çr R≈´d≈ô√£pƒÅ≈´≈Ç,Diponkor Rudrapaul,5,,,,
165,com.jeyluta.timestampcamerafree,Arvind Sharma,Love it,5,,,,
166,com.jeyluta.timestampcamerafree,‡≤ï‡≥á‡≤∂‡≤µ‡≥ç ‡≤ó‡≥å‡≤°,Great,5,,,,
167,com.jeyluta.timestampcamerafree,SURA Subramani,Best app .üòçüòç,5,,,,
168,com.jeyluta.timestampcamerafree,Luis Rojas,Love this app and use it alot and have gotten many people in my industry using it.,5,,,,
169,com.jeyluta.timestampcamerafree,Susan Ong,Easy to use n tell date time n locations.,5,,,,
170,com.jeyluta.timestampcamerafree,Seema Sharma,Nice,5,,,,
171,com.jeyluta.timestampcamerafree,G Backalic,The app is good what its for but the auto focus is failing me 40%of the time and i cant use wide angle camera on my s20plus.,3,,,,
172,com.jeyluta.timestampcamerafree,shikha aggarwal,Good,5,,,,
173,com.jeyluta.timestampcamerafree,Rananawab Nawab,Rajput,3,,,,
174,com.jeyluta.timestampcamerafree,Yashwant Mahajan,Nice,4,,,,
175,com.jeyluta.timestampcamerafree,Tanya Gulati,bhuau8iu,4,,,,
176,com.jeyluta.timestampcamerafree,Ch Karthik,Time stamp is not working,3,,,,
177,com.jeyluta.timestampcamerafree,Lance Bacharo,Nice apps,5,,,,
178,com.jeyluta.timestampcamerafree,Ezatullah Sajed,the best for Users,5,,,,
179,com.jeyluta.timestampcamerafree,Karthik Karthi,Ok,4,,,,
180,com.jeyluta.timestampcamerafree,rahmat ullah,Good camera,5,,,,
181,com.jeyluta.timestampcamerafree,Mdabdullmomin Mdabdullmomin,Good,5,,,,
182,com.jeyluta.timestampcamerafree,Ferdinand Paceno,Nice,5,,,,
183,com.jeyluta.timestampcamerafree,Elanko Ko,"Accurate, useful - I recommend it. Used it to time-stamp my daily ART results and send to my office.",5,,,,
184,com.jeyluta.timestampcamerafree,BOSS,Good app,5,,,,
185,com.jeyluta.timestampcamerafree,100%weightloss guarantee World Nutrition Tamil,Some time location is not available,3,,,,
186,com.jeyluta.timestampcamerafree,david mak,easy to use,5,,,,
187,com.jeyluta.timestampcamerafree,Eden Co,"Great App, I prefer having dates, location and time included in my photos.",5,,,,
188,com.jeyluta.timestampcamerafree,Uli,Never correct with location. Ever. I can never bring up the the flash controls. All of my pictures too dark. Simple flash on would be nice.,1,,,,
189,com.jeyluta.timestampcamerafree,Will Brown,Perfect app,5,,,,
190,com.jeyluta.timestampcamerafree,R Abdul Rawoof,This type of app photos are proof in some time.,5,,,,
191,com.jeyluta.timestampcamerafree,Gangone Sanjeev,Excellent,5,,,,
192,com.jeyluta.timestampcamerafree,Chandramohan Chandramohan,Good,5,,,,
193,com.jeyluta.timestampcamerafree,Omar-khan Hamja,very nice,5,,,,
194,com.jeyluta.timestampcamerafree,sandeep mahajan,Ghh,4,,,,
195,com.jeyluta.timestampcamerafree,Po To ut,good,5,,,,
196,com.jeyluta.timestampcamerafree,Iyan Jo,Nice,5,,,,
197,com.jeyluta.timestampcamerafree,Lucy Chia,Very good app. Thank you,5,,,,
198,com.jeyluta.timestampcamerafree,Peter Balnius,"Excellent app, took 1,500 pictures for a project. All photos came out perfect and identifyed!",5,,,,
199,com.jeyluta.timestampcamerafree,Mamta Singh,Super,4,,,,
200,com.jeyluta.timestampcamerafree,Rikisha Baboolal,It is a very nice app,1,,,,
201,com.jeyluta.timestampcamerafree,MNJ Production,Verry helpful,4,,,,
202,com.jeyluta.timestampcamerafree,hosen SG,Very good apps.. üòç,5,,,,
203,com.jeyluta.timestampcamerafree,Saadi Mohd,Agak susah untuk seeting,3,,,,
204,com.jeyluta.timestampcamerafree,Taj Uddin,Good üëçüëçüëç,5,,,,
205,com.jeyluta.timestampcamerafree,Proud Cebuana,Useful,5,,,,
206,com.jeyluta.timestampcamerafree,Wil Ussery,"The App needs to have an option for the end user to change the street address that is stamped on the photo. I just captured a photo where the actual address is 2274, but the software entered 2263. Fortunately I included the homes address in the photo. I think GPS, Timestamp, City, County and State should not be editable, but the street address should be editable. I have the Pro version.",4,,,,
207,com.jeyluta.timestampcamerafree,Lucien Pierre,Very good,4,,,,
208,com.jeyluta.timestampcamerafree,Richard Anthony Smith,This is amazing. So useful and convenient. Thank you!,5,,,,
209,com.jeyluta.timestampcamerafree,Adele Lindley,Excellent app. Recommended it to all my colleagues,4,,,,
210,com.jeyluta.timestampcamerafree,praveen verma,Really helpful app,5,,,,
211,com.jeyluta.timestampcamerafree,Jessie Ludwig,"Awsome,",1,,,,
212,com.jeyluta.timestampcamerafree,Mintu Medhi,Nice,5,,,,
213,com.jeyluta.timestampcamerafree,suresh kumar,Very good application üëç,5,,,,
214,com.jeyluta.timestampcamerafree,eshan sharma,"It gets you with timestamps(that start and stop button which pauses the video), the feature I wanted. Also, it's a very good app overall",5,,,,
215,com.jeyluta.timestampcamerafree,Sandra Mauney,Good app.Takes very clear pictures.Date shows clearly at bottom of picture.Like the app,5,,,,
216,com.jeyluta.timestampcamerafree,David Pang,Gd,5,,,,
217,com.jeyluta.timestampcamerafree,Nikritsha K.,Easy to use and convenient.,5,,,,
218,com.jeyluta.timestampcamerafree,Monica Ampat,Beautiful camera,3,,,,
219,com.jeyluta.timestampcamerafree,ERNEST MISQUITH,Truely awesome recommended app.,5,,,,
220,com.jeyluta.timestampcamerafree,Maryjean Ostia,I pick 4 stars it's a bit nice u can record and picture and edit download it now üòÅ,3,,,,
221,com.jeyluta.timestampcamerafree,manjo abao,The best,5,,,,
222,com.jeyluta.timestampcamerafree,Tim Bass,ok...but wish I go use the wider lens that I have on my smartphone.,4,,,,
223,com.jeyluta.timestampcamerafree,Shafiqul islam,Sh,5,,,,
224,com.jeyluta.timestampcamerafree,Gregory Brown,"Works as advertised, however, nearly half of the time it gives an incorrect, but near by address.",3,,,,
225,com.jeyluta.timestampcamerafree,Aman kushawaha,Nice and useful but app need to update because take to long time to open in right location,3,,,,
226,com.jeyluta.timestampcamerafree,xpaxunchr xpaxunchr,Ok,5,,,,
227,com.jeyluta.timestampcamerafree,Pankaj Gupta,Good,5,,,,
228,com.jeyluta.timestampcamerafree,vishal singh,ok,4,,,,
229,com.jeyluta.timestampcamerafree,Prasad Vanasetti,Perfect shot with gps,5,,,,
230,com.jeyluta.timestampcamerafree,Tim Dean,"I use this a lot for my job. I like the fact that you can turn on or off certain features, and the accuracy is really good.",5,,,,
231,com.jeyluta.timestampcamerafree,Shaye Crochran,Doesn't give right address everytime,4,,,,
232,com.jeyluta.timestampcamerafree,Ciprian Todoran,Usefull,5,,,,
233,com.jeyluta.timestampcamerafree,JAGPAL SINGH SAINI,Good,5,,,,
234,com.jeyluta.timestampcamerafree,Arif Hossain,Best app,5,,,,
235,com.jeyluta.timestampcamerafree,aisyah ayraa,Good apps.easy to use.overall best apps yet.,5,,,,
236,com.jeyluta.timestampcamerafree,‡∞∏‡∞æ‡∞Ø‡∞ø ‡∞¨‡∞æ‡∞¨‡∞æ ‡∞Ü‡∞∞‡±ç‡∞ü‡±ç‡∞∏‡±ç ‡∞Æ‡±Ç‡∞µ‡±Ä,Super bro,5,,,,
237,com.jeyluta.timestampcamerafree,Srinivas Rao Nayani,Good able to get what's needed,5,,,,
238,com.jeyluta.timestampcamerafree,Shrikanth S,Super,5,,,,
239,com.jeyluta.timestampcamerafree,Nungnang chakma Nungnang,Very good app,4,,,,
240,com.jeyluta.timestampcamerafree,SriMani maran,Ok,5,,,,
241,com.jeyluta.timestampcamerafree,Maheka Arthana,Now is not good,3,,,,
242,com.jeyluta.timestampcamerafree,Sukdev Sing,Excellent!,5,,,,
243,com.jeyluta.timestampcamerafree,king gerald cura,good,5,,,,
244,com.jeyluta.timestampcamerafree,kiyaam coetzee,Very good on detail too,5,,,,
245,com.jeyluta.timestampcamerafree,Shwetha TS,Problem in attaching snap to another app,1,,,,
246,com.jeyluta.timestampcamerafree,hem singh rathore,Nice,5,,,,
247,com.jeyluta.timestampcamerafree,HERMENEGILDO MEEK MSIMANGO,Exquisite!,5,,,,
248,com.jeyluta.timestampcamerafree,Yogesh Sharma,Good camera,5,,,,
249,com.jeyluta.timestampcamerafree,Premchand Sahni,Good app,5,,,,
250,com.jeyluta.timestampcamerafree,Ah Wu,"Time is according to what is set on the phone rather than the timezone for GPS, a widely exploited function. Timestamp becomes literally useless.",2,,,,
251,com.jeyluta.timestampcamerafree,23 23,Good app,5,,,,
252,com.jeyluta.timestampcamerafree,Ashish Burman,A user friendly app for geo tagging.,4,,,,
253,com.jeyluta.timestampcamerafree,Tenika Heard,Perfect for my job! Easy to use! Convenient app,5,,,,
254,com.jeyluta.timestampcamerafree,Hoy Sum,"Picture Blur and if I use Flash, the picture will turn Black. When I use the phone built in camera software, the picture is sharp and clear.",1,,,,
255,com.jeyluta.timestampcamerafree,MIKESTEFF VLOGS,please the way you talk and the sound doenst perfectly match please fix it,1,,,,
256,com.jeyluta.timestampcamerafree,Benjie Tamboboy,OK very good,5,,,,
257,com.jeyluta.timestampcamerafree,Ravi Kumar,TT 7lro,1,,,,
258,com.jeyluta.timestampcamerafree,MD ALI HOSEN,Good,5,,,,
259,com.jeyluta.timestampcamerafree,GoodShot Delta46,Works great I use it at work.,5,,,,
260,com.jeyluta.timestampcamerafree,Kgoloane Bogopa,Excellent and widely recognized,5,,,,
261,com.jeyluta.timestampcamerafree,S.rajasingam Raja,T.Q,5,,,,
262,com.jeyluta.timestampcamerafree,Kyaw Myo Htet,This app is doesn't work flash camera in my phone.,4,,,,
263,com.jeyluta.timestampcamerafree,AAKASH SISODIA,good,5,,,,
264,com.jeyluta.timestampcamerafree,somnath swain,Nice aap,5,,,,
265,com.jeyluta.timestampcamerafree,Bongumusa Mbele,Good,5,,,,
266,com.jeyluta.timestampcamerafree,Meerasha Sahul,Good cameta,5,,,,
267,com.jeyluta.timestampcamerafree,Chew Hock guan,Very good app. TKS,5,,,,
268,com.jeyluta.timestampcamerafree,Rajashekar Kaniganti,Good,4,,,,
269,com.jeyluta.timestampcamerafree,Tariq Mishal Ansari,Pretty simple and useful app.,5,,,,
270,com.jeyluta.timestampcamerafree,pavankumar kajagar,Excellent why download propses slow,5,,,,
271,com.jeyluta.timestampcamerafree,JD Domingo,"very reliable application, makes presentation better",5,,,,
272,com.jeyluta.timestampcamerafree,Pervaiz Ahmad,Good app,5,,,,
273,com.jeyluta.timestampcamerafree,Jessie T. Selga,it helps me with my work now as a courier/rider. it helps me making proof of my deliveries. thanks guys. hoping to have it a full version for free. haha. thanks anyway.,5,,,,
274,com.jeyluta.timestampcamerafree,ROYAL GAMING,Jde,5,,,,
275,com.jeyluta.timestampcamerafree,Beautiful LoveBirds,Nice one I like it,5,,,,
276,com.jeyluta.timestampcamerafree,ŸÖÿ≠ŸÖÿØÿ±ŸÅ€åŸÇ ŸÖÿ≠ŸÖÿØÿ≠ŸÜ€åŸÅÿí,"ALLAH LAAL, MURSHAD LAAL & SAKHI LAAL",5,,,,
277,com.jeyluta.timestampcamerafree,punjab 78,‡®Ü‡®Æ ‡®ï‡©à‡®Æ‡®∞‡®ø‡®Ü‡®Ç ‡®®‡®æ‡®≤‡©ã‡®Ç ‡®á‡®∏ ‡®ï‡©à‡®Æ‡®∞‡©á ‡®¶‡®æ ‡®®‡®§‡©Ä‡®ú‡®æ ‡®ö‡©∞‡®ó‡®æ ‡®π‡©à‡•§,5,,,,
278,com.jeyluta.timestampcamerafree,Shailendra Girme,Good,5,,,,
279,com.jeyluta.timestampcamerafree,Antipas Philip,Eexellent,5,,,,
280,com.jeyluta.timestampcamerafree,NANABHAU SARPATE,Very useful as it shows time and location as well as date.,5,,,,
281,com.jeyluta.timestampcamerafree,Mervin Knowles,Totally in love with this lovely App. Thanks to the developers.,5,,,,
282,com.jeyluta.timestampcamerafree,Marsha Hart,Great,5,,,,
283,com.jeyluta.timestampcamerafree,SAROJ SINGH,Nice,4,,,,
284,com.jeyluta.timestampcamerafree,raja solai,Ok,4,,,,
285,com.jeyluta.timestampcamerafree,Aftab Cheema,Good working,4,,,,
286,com.jeyluta.timestampcamerafree,Lucky Ngomani,Niceü§ó,5,,,,
287,com.jeyluta.timestampcamerafree,Sanjay Bellary Channabasappa,Very useful,5,,,,
288,com.jeyluta.timestampcamerafree,Manohar Rathore,Best Application,5,,,,
289,com.jeyluta.timestampcamerafree,Veerendra Shetty,Super,5,,,,
290,com.jeyluta.timestampcamerafree,K.DILESWAR RAO,Awesome,5,,,,
291,com.jeyluta.timestampcamerafree,L KW,Good to see time,5,,,,
292,com.jeyluta.timestampcamerafree,andenete anbese,Good,5,,,,
293,com.jeyluta.timestampcamerafree,Kanu Parmar,Good,5,,,,
294,com.jeyluta.timestampcamerafree,Devin Delaney,Great experience with app. Does exactly what I want for it to do.,5,,,,
295,com.jeyluta.timestampcamerafree,Mahesh Marapalle,Nice,3,,,,
296,com.jeyluta.timestampcamerafree,Rk gamers,It's useful application,3,,,,
297,com.jeyluta.timestampcamerafree,Edgar James Salazar,Turning off flash should be fix and then 5 star,4,,,,
298,com.jeyluta.timestampcamerafree,Lim Wye,Useful as it keeps track of time photo is taken,4,,,,
299,com.jeyluta.timestampcamerafree,J Melisky,Tells me everything about the location of the photo. Great app,5,,,,
300,com.jeyluta.timestampcamerafree,David Schlosz,Nice app. Location also on photo. Perfect for my work.,5,,,,
301,com.jeyluta.timestampcamerafree,Morena Masita,Good App,5,,,,
302,com.jeyluta.timestampcamerafree,Donald Connolly,Top price of kit,5,,,,
303,com.jeyluta.timestampcamerafree,Joao Vicente,Very good app!,5,,,,
304,com.jeyluta.timestampcamerafree,Kunal Bhadane,Best,5,,,,
305,com.jeyluta.timestampcamerafree,Mohit Tyagi,Nice app,5,,,,
306,com.jeyluta.timestampcamerafree,robert pamittan,very reliable apps,5,,,,
307,com.jeyluta.timestampcamerafree,striker morris,Good,5,,,,
308,com.jeyluta.timestampcamerafree,Shashi Kamble,Good,3,,,,
309,com.jeyluta.timestampcamerafree,prithvi ram,A very good experience,5,,,,
310,com.jeyluta.timestampcamerafree,Yuslie Rosdie,Good for work,5,,,,
311,com.jeyluta.timestampcamerafree,shrimboy,Good,5,,,,
312,com.jeyluta.timestampcamerafree,Eugene Jackson,It a good app for work I like it.,5,,,,
313,com.jeyluta.timestampcamerafree,Preynka Gupta,Very clear pics n selfies,4,,,,
314,com.jeyluta.timestampcamerafree,R.MUNISEKAR REDDY,Good,5,,,,
315,com.jeyluta.timestampcamerafree,Efren de Ramos,Exciting,5,,,,
316,com.jeyluta.timestampcamerafree,Manohar Tandan,Good,3,,,,
317,com.jeyluta.timestampcamerafree,Manpreet Singh,Good,4,,,,
318,com.jeyluta.timestampcamerafree,Anacleto Acerden,Easy to use for the documentation,5,,,,
319,com.jeyluta.timestampcamerafree,Moises Sabelo,Update please!! It doesn't save pictures anymore and the app automatically closes when I record video ü•∫ please fix!,1,,,,
320,com.jeyluta.timestampcamerafree,Alif Gunawan,Top App,5,,,,
321,com.jeyluta.timestampcamerafree,RANJITH REDDY,Nice application,5,,,,
322,com.jeyluta.timestampcamerafree,synthia chia,Nil,5,,,,
323,com.jeyluta.timestampcamerafree,terry hays,Not bad,4,,,,
324,com.jeyluta.timestampcamerafree,ISAAC SELVAKUMAR,Good,4,,,,
325,com.jeyluta.timestampcamerafree,Erika Andini,"maaf bintang satu, salahin bu wiwik",1,,,,
326,com.jeyluta.timestampcamerafree,Hazrat Bilal Official,Good app,5,,,,
327,com.jeyluta.timestampcamerafree,Jaime Castillo,Always gets the place and time right on,5,,,,
328,com.jeyluta.timestampcamerafree,kamar kamaruddin,Very useful,5,,,,
329,com.jeyluta.timestampcamerafree,Wilson Ooi,Good,5,,,,
330,com.jeyluta.timestampcamerafree,Lyly Heang,·ûõ·üÑ·ûÄ ·ûï·ûõ·û∑·ûè·ûÄ·ûò·üí·ûò ·ûÄ·ûü·û∑·ûï·ûõ ·ûô·û∑·ûì,5,,,,
331,com.jeyluta.timestampcamerafree,manjit singh,üëç great,5,,,,
332,com.jeyluta.timestampcamerafree,Steven Ambrose,Easy to use and more convenient,5,,,,
333,com.jeyluta.timestampcamerafree,ice corpus,Very accurate and reliable,5,,,,
334,com.jeyluta.timestampcamerafree,Venky Pandugu,Good,5,,,,
335,com.jeyluta.timestampcamerafree,Michelle L Corbin,I use it when I dont trust customers with the delivery drop off. Ive been scammed too many times and this is proof. The only thing is it doesnt always puck up the correct address. Even in my own home Ill get my neighbors addresses.,4,,,,
336,com.jeyluta.timestampcamerafree,Bernadette Semerad,Very nice to have DATE on photos!,5,,,,
337,com.jeyluta.timestampcamerafree,Pankajj Mamurkar,Noce,5,,,,
338,com.jeyluta.timestampcamerafree,Murtuza Khalique,Vhj,5,,,,
339,com.jeyluta.timestampcamerafree,Triveni Pandey,Best,5,,,,
340,com.jeyluta.timestampcamerafree,Rosli Marzuki,Best app,5,,,,
341,com.jeyluta.timestampcamerafree,Rahul Sharma,Good,5,,,,
342,com.jeyluta.timestampcamerafree,Doso S.R.,Very good,5,,,,
343,com.jeyluta.timestampcamerafree,Becky Sanchez,I would give 5 stars if on Galaxy A32 it would let me choose this camera over the stock camera.,4,,,,
344,com.jeyluta.timestampcamerafree,mohd fadlullah ibrahim,So perfect....i love when its come to address... recommended,5,,,,
345,com.jeyluta.timestampcamerafree,md gaus shaikh,Nice,5,,,,
346,com.jeyluta.timestampcamerafree,Debo May,Perfect app!!!,5,,,,
347,com.jeyluta.timestampcamerafree,munna rajiv,‡§µ‡•á‡§∞‡•Ä nice,5,,,,
348,com.jeyluta.timestampcamerafree,SUBODH GURAV,Nice,5,,,,
349,com.jeyluta.timestampcamerafree,tanan bahr,Good application,5,,,,
350,com.jeyluta.timestampcamerafree,Abdul Kader,Good app,5,,,,
351,com.jeyluta.timestampcamerafree,ivan yong,"Overall, good experience. Thanks",5,,,,
352,com.jeyluta.timestampcamerafree,ZAINUL DRUMMER,"Every 2 weeks, your application is always a problem on my phone, when I open the app and take a picture, the result of the picture turns white, how unfortunate is your application, it's better not to have to make this application if it always bothers other users",1,,,,
353,com.jeyluta.timestampcamerafree,Willie Hickey,Very good,5,,,,
354,com.jeyluta.timestampcamerafree,m 11,GPS NOT ACCURATE,2,,,,
355,com.jeyluta.timestampcamerafree,Melissa Mizzsolo Daley,Works really good,5,,,,
356,com.jeyluta.timestampcamerafree,Ihechukwu o m Godsfavour,I love it,5,,,,
357,com.jeyluta.timestampcamerafree,Sahiba Sawhney,Perfect app... luv the app,5,,,,
358,com.jeyluta.timestampcamerafree,Ravi Verma,Good,5,,,,
359,com.jeyluta.timestampcamerafree,Nura Surajo,Easy to use and is offline. The coordinates are accurate.,5,,,,
360,com.jeyluta.timestampcamerafree,Gaurav Raj,Don't see an option to copy the link to share,5,,,,
361,com.jeyluta.timestampcamerafree,Raja Christo,Mantaaapp,5,,,,
362,com.jeyluta.timestampcamerafree,Dhilipkumar Nagaraj,Good,5,,,,
363,com.jeyluta.timestampcamerafree,Vilas Gite,Very good app,5,,,,
364,com.jeyluta.timestampcamerafree,huang hai ng,Simple to use,5,,,,
365,com.jeyluta.timestampcamerafree,Rj Senthil,Good add in text,5,,,,
366,com.jeyluta.timestampcamerafree,Mduduzi Mnxasana,100% good,5,,,,
367,com.jeyluta.timestampcamerafree,Deeleep Startv,Water quality,1,,,,
368,com.jeyluta.timestampcamerafree,John Lawrence Umipig,Bakit may ads?,3,,,,
369,com.jeyluta.timestampcamerafree,Namdev Rathod,Good for use,5,,,,
370,com.jeyluta.timestampcamerafree,Gre3ce M.L,Good. I can choose evry info at the photo,5,,,,
371,com.jeyluta.timestampcamerafree,Sonu Singh,Good,5,,,,
372,com.jeyluta.timestampcamerafree,norris woodkelvin,Reliable app,4,,,,
373,com.jeyluta.timestampcamerafree,yaRspaL,So nice n easy to use...ü§™üòÇüòÇüçª,5,,,,
374,com.jeyluta.timestampcamerafree,S.P. NAMBI - LIC Consultant,Very useful. Happy moments is saved using this App,5,,,,
375,com.jeyluta.timestampcamerafree,Bijoy Ghosh,Very good,4,,,,
376,com.jeyluta.timestampcamerafree,ravi raju,Super,4,,,,
377,com.jeyluta.timestampcamerafree,OM DUTT PANDEY,Photo Or video sharing problem,3,,,,
378,com.jeyluta.timestampcamerafree,Michael Christofis,Great app. Has been very handy with recording all my test gauges at work.,5,,,,
379,com.jeyluta.timestampcamerafree,Jessika Sim,Very useful with date and time. Thanks,5,,,,
380,com.jeyluta.timestampcamerafree,Feroj Ahmed,Good,5,,,,
381,com.jeyluta.timestampcamerafree,Suci Nblh,Baikk,5,,,,
382,com.jeyluta.timestampcamerafree,Gagasan Maya,Ok,5,,,,
383,com.jeyluta.timestampcamerafree,R Roy Rabi Roy,Good app,5,,,,
384,com.jeyluta.timestampcamerafree,Manoj Kumar,Wonderful App with awesome features,5,,,,
385,com.jeyluta.timestampcamerafree,Ramesh Subramanian,Very useful,5,,,,
386,com.jeyluta.timestampcamerafree,leslie joey manreza,amazing,5,,,,
387,com.jeyluta.timestampcamerafree,2rm Security,Excellent app,5,,,,
388,com.jeyluta.timestampcamerafree,Edwin Stanley Fernandez,"Good user friendly,keep it up",4,,,,
389,com.jeyluta.timestampcamerafree,Aarya Rajput,Fair,1,,,,
390,com.jeyluta.timestampcamerafree,C2 Concepcion,Resolution is good and accurate details on stamp.,4,,,,
391,com.jeyluta.timestampcamerafree,Mhannie Dela Paz,Nice,3,,,,
392,com.jeyluta.timestampcamerafree,Syed Saif ur Rahman,Very good app to timestamp photos,5,,,,
393,com.jeyluta.timestampcamerafree,Artificial Intelligent,"Just updraded my phone to android 12, the exposure won't apply after taking a picture. No ability to remember the white balance setting, it always sets to its default value to auto.",2,,,,
394,com.jeyluta.timestampcamerafree,ÈòøÈÅé71M'sia,‚ù§Ô∏è,5,,,,
395,com.jeyluta.timestampcamerafree,aki nur,Very good,5,,,,
396,com.jeyluta.timestampcamerafree,Ibrahim Abdulmajeed,Good,5,,,,
397,com.jeyluta.timestampcamerafree,Oscar,It doesn't always show location on my pics.,4,,,,
398,com.jeyluta.timestampcamerafree,Fifi Ayim,Nice app,5,,,,
399,com.jeyluta.timestampcamerafree,Conor Hickey,Worst thing about this app is that it cannot record in the background. Turning off screen or going to another app turns the recording off.,3,,,,
400,com.jeyluta.timestampcamerafree,Shahbuddin Ansari,Excellent App,5,,,,
401,com.jeyluta.timestampcamerafree,okello yovan,Awesome,4,,,,
402,com.jeyluta.timestampcamerafree,Kumar Kudale,Nice app,5,,,,
403,com.jeyluta.timestampcamerafree,Nagesh Naik,Super,5,,,,
404,com.jeyluta.timestampcamerafree,Emmanuel Oghogho,GREAT,5,,,,
405,com.jeyluta.timestampcamerafree,Mark Das,Good very useful app,5,,,,
406,com.jeyluta.timestampcamerafree,WINNER NAGARAJ,Good,4,,,,
407,com.jeyluta.timestampcamerafree,Cupid Chaos,Already use this app 4 years,5,,,,
408,com.jeyluta.timestampcamerafree,Bethel Pentecostal Faith Home BPFH,Good,5,,,,
409,com.jeyluta.timestampcamerafree,Sean Kelly,Great and free app!,5,,,,
410,com.jeyluta.timestampcamerafree,caleb harmond,does not support default camera app for android 10,1,,,,
411,com.jeyluta.timestampcamerafree,Siva subramanian,No bad,4,,,,
412,com.jeyluta.timestampcamerafree,malakondaiah jillelamudi,Excellent,5,,,,
413,com.jeyluta.timestampcamerafree,Jiwan Kanta,V good,4,,,,
414,com.jeyluta.timestampcamerafree,Zeshan Khan,Very useful,5,,,,
415,com.jeyluta.timestampcamerafree,Koko Daud,Awesome,5,,,,
416,com.jeyluta.timestampcamerafree,Teck Wee Loy,Fantastic App that help to date for recording purposes,5,,,,
417,com.jeyluta.timestampcamerafree,Arnold Menda√±a,Nice,5,,,,
418,com.jeyluta.timestampcamerafree,Mohd Nasir Abdul,Very good easy to use.,5,,,,
419,com.jeyluta.timestampcamerafree,Basharat ali,Excellent thanks üëç,5,,,,
420,com.jeyluta.timestampcamerafree,Sravanthi Inampudi,Wow,5,,,,
421,com.jeyluta.timestampcamerafree,Madhusudhan Reddy,Show compass not showing in the app,1,,,,
422,com.jeyluta.timestampcamerafree,Kuya Mox,Very good app!,4,,,,
423,com.jeyluta.timestampcamerafree,Prem Anand,Good,5,,,,
424,com.jeyluta.timestampcamerafree,edrian tagabi,good,4,,,,
425,com.jeyluta.timestampcamerafree,M.Sikander Shafique,Excellent,5,,,,
426,com.jeyluta.timestampcamerafree,Tapasya Singh,Fantastic app,5,,,,
427,com.jeyluta.timestampcamerafree,Reliance Pasha,This app very usefull for vehicle inspection...,5,,,,
428,com.jeyluta.timestampcamerafree,Rayson Lacaden,Awesome,5,,,,
429,com.jeyluta.timestampcamerafree,Mthetho Botha,Acurate and clear,5,,,,
430,com.jeyluta.timestampcamerafree,Lotus Award,Good,5,,,,
431,com.jeyluta.timestampcamerafree,Mutimukulu Courage,Mastermind,5,,,,
432,com.jeyluta.timestampcamerafree,‡∏ì‡∏±‡∏ê‡∏™‡∏¥‡∏ô‡∏µ ‡∏´‡∏¥‡∏£‡∏±‡∏ç‡∏™‡∏±‡∏à‡∏à‡∏≤‡πÄ‡∏•‡∏¥‡∏®,Good,5,,,,
433,com.jeyluta.timestampcamerafree,Sonu Chaudhary,Good,5,,,,
434,com.jeyluta.timestampcamerafree,Lewshin Thompson,Please,5,,,,
435,com.jeyluta.timestampcamerafree,Elisha Friday,"Good app but the Camara is not that bright, it improvement please.",5,,,,
436,com.jeyluta.timestampcamerafree,Deshraj Singh,Very nice,5,,,,
437,com.jeyluta.timestampcamerafree,nouman ahmed,Pretty nice,5,,,,
438,com.jeyluta.timestampcamerafree,Charmaigne Romana Jeon,"It is good because it has a time, date and location. It will be more nicer if you include cropping so i dont need to go pic art app. Can you improve by adding crop",4,,,,
439,com.jeyluta.timestampcamerafree,Arcie dexter Santos,It's so beautiful,5,,,,
440,com.jeyluta.timestampcamerafree,Mr Endeavour,Great app,5,,,,
441,com.jeyluta.timestampcamerafree,Madhukar Srivastava,Excellent,5,,,,
442,com.jeyluta.timestampcamerafree,Omar Yeoh,I üëç it very much. Date and location very essential.,5,,,,
443,com.jeyluta.timestampcamerafree,Doris Ellul,Very good,5,,,,
444,com.jeyluta.timestampcamerafree,vinay kamble,Wide Angle camara Features is missing. Waiting for wide angle camara features in the app.,3,,,,
445,com.jeyluta.timestampcamerafree,RAJU RAJU,Gud,5,,,,
446,com.jeyluta.timestampcamerafree,Subrat Putel,Op,5,,,,
447,com.jeyluta.timestampcamerafree,Lea Corpuz,Very good to use,5,,,,
448,com.jeyluta.timestampcamerafree,Dr.Ashish Ikhar,Bahot hi badhiya,5,,,,
449,com.jeyluta.timestampcamerafree,Vastolordewan769 Vastolordewan 769,very good,5,,,,
450,com.jeyluta.timestampcamerafree,Mauli Sarvagod,Not updating locations automatecaly after changing my location,1,,,,
451,com.jeyluta.timestampcamerafree,Madhup Tiwari,Gives accurate date and time Very useful app,5,,,,
452,com.jeyluta.timestampcamerafree,Awe Maw,the best camers for all records,5,,,,
453,com.jeyluta.timestampcamerafree,Daniel Ong,This is a good APP.,4,,,,
454,com.jeyluta.timestampcamerafree,Ferdinand Lozada,Wonderful,5,,,,
455,com.jeyluta.timestampcamerafree,xLazarus,what happen to this app? suddenly it did not save any of my pic anymore. then when i click video it force close my app. fix this i need this kind of app in my work. this is the best timestamp apps so far. so please fix it.,1,,,,
456,com.jeyluta.timestampcamerafree,Tree Solutions,Very good,5,,,,
457,com.jeyluta.timestampcamerafree,Master Noodle Nooice,Bldg number is hit or miss,2,,,,
458,com.jeyluta.timestampcamerafree,Pradeep Dadheech,Very useful,5,,,,
459,com.jeyluta.timestampcamerafree,Linh Do,Good,4,,,,
460,com.jeyluta.timestampcamerafree,Heimi,good,5,,,,
461,com.jeyluta.timestampcamerafree,Ar Mand,Good so far... event i my self dont like the mirroring result picture.,5,,,,
462,com.jeyluta.timestampcamerafree,Ramesh Gothawal,Very much good pic.,5,,,,
463,com.jeyluta.timestampcamerafree,Farooq Deshmukh,goog,5,,,,
464,com.jeyluta.timestampcamerafree,SAR-E- RAH,Help full,5,,,,
465,com.jeyluta.timestampcamerafree,Teletalk our phone,Timestam not installe,5,,,,
466,com.jeyluta.timestampcamerafree,Zaw Win Naing,Very good but no use location map,5,,,,
467,com.jeyluta.timestampcamerafree,Nisha grace Dungca,Nice,5,,,,
468,com.jeyluta.timestampcamerafree,Murshi Dk,Good,5,,,,
469,com.jeyluta.timestampcamerafree,rajesh k shenoy,The Best,5,,,,
470,com.jeyluta.timestampcamerafree,Anil Kg,Very good,5,,,,
471,com.jeyluta.timestampcamerafree,Eugene Ubas,Good,5,,,,
472,com.jeyluta.timestampcamerafree,L√™ T∆° V∆∞∆°ng,Very useful!,5,,,,
473,com.jeyluta.timestampcamerafree,Timothy Seveney,Perfect for gig work.,4,,,,
474,com.jeyluta.timestampcamerafree,Zulfiqar Ahmad Khan,"Very good app, easy to use",5,,,,
475,com.jeyluta.timestampcamerafree,VincentPaul Richard,Super,5,,,,
476,com.jeyluta.timestampcamerafree,Mohammad Shoeb Khan,Good,5,,,,
477,com.jeyluta.timestampcamerafree,Ramrai Maheshwari,Awesome,5,,,,
478,com.jeyluta.timestampcamerafree,Shadrack Anang,"Easy to use app,perfect!",4,,,,
479,com.jeyluta.timestampcamerafree,Maqsood Awan,Very useful app,5,,,,
480,com.jeyluta.timestampcamerafree,GOD TABAHI,üíü,5,,,,
481,com.jeyluta.timestampcamerafree,Anuj Pal,Very nice app üëçüëçüëç,5,,,,
482,com.jeyluta.timestampcamerafree,Jenny More,Very useful in proving photos,5,,,,
483,com.jeyluta.timestampcamerafree,Mahadev Podder,Ok,5,,,,
484,com.jeyluta.timestampcamerafree,SATHEESHWERAN RAJAGOPAL,Please load,5,,,,
485,com.jeyluta.timestampcamerafree,SADDAM MEHAR,Super,5,,,,
486,com.jeyluta.timestampcamerafree,Somashekhar NR,Good features with timestamp..,4,,,,
487,com.jeyluta.timestampcamerafree,G naresh143,Good,4,,,,
488,com.jeyluta.timestampcamerafree,Susan Bajao,Nice,5,,,,
489,com.jeyluta.timestampcamerafree,Linda K,Excellent. Works every time!,5,,,,
490,com.jeyluta.timestampcamerafree,Halith Amith,Location address not working,1,,,,
491,com.jeyluta.timestampcamerafree,mohammed majehar jani,Super,5,,,,
492,com.jeyluta.timestampcamerafree,Sabir Ch,ok,5,,,,
493,com.jeyluta.timestampcamerafree,mridul vyas,Good,3,,,,
494,com.jeyluta.timestampcamerafree,Aadil Shad,good,5,,,,
495,com.jeyluta.timestampcamerafree,Rejaluddin Abdul Rahman,Great apps.,5,,,,
496,com.jeyluta.timestampcamerafree,Raja Lincoln,How to share this app to others,2,,,,
497,com.jeyluta.timestampcamerafree,Ooi Yong Ning,why suddenly send photo to whatsapp?,1,,,,
498,com.jeyluta.timestampcamerafree,Natalia Nakoriakova,"Installed this app to get date, time and address on my pictures. The app doesn't work properly. Took test pictures inside the house, only date and time are showing. Took a few more pics, address appeared. The next pic - no address again. Restarted my phone, took pics outside from the same spot. Again, 1st pics - no address, next - address is incorrect. Say, house # is 15, pic shows #8. The stamp consist of 5 lines, quarter of the pic. Very frustrating, inconsistent and unreliable; not worth it.",2,,,,
499,com.jeyluta.timestampcamerafree,Arthur Ganteng Sesulut Glent,The Best Application To Me And My Friend's...ü§ùüëçüëèüôèü§ù,5,,,,
500,com.jeyluta.timestampcamerafree,Isaac Oluwafemi,I love this app but wen I snap it doesn't show well,5,,,,
501,com.jeyluta.timestampcamerafree,Raimie Hamdan,Great apps that helps a lot in terms of time and the location where the photo had been taken,5,,,,
502,com.jeyluta.timestampcamerafree,GANESH T,Good ‚ò∫Ô∏è,5,,,,
503,com.jeyluta.timestampcamerafree,Phenk Rosario,Good,5,,,,
504,com.jeyluta.timestampcamerafree,Dickson Mwijage,Fantastic app,5,,,,
505,com.jeyluta.timestampcamerafree,Md : jahid Jahid,‡ßÉ‡ßÉ‡ßÉ‡ßÉ‡ßú333339222222232,5,,,,
506,com.jeyluta.timestampcamerafree,saleem asif,My experience is good Usefull application for location details.,5,,,,
507,com.jeyluta.timestampcamerafree,dheerab jones,Good app,5,,,,
508,com.jeyluta.timestampcamerafree,Wahedur Ahammed,Nice work,5,,,,
509,com.jeyluta.timestampcamerafree,George Pulikilan,Super,5,,,,
510,com.jeyluta.timestampcamerafree,Donald Colipano,It's okay to use..,5,,,,
511,com.jeyluta.timestampcamerafree,amore mercado,Adv. App techmology,5,,,,
512,com.jeyluta.timestampcamerafree,Daali Dinesh,I want this app link,5,,,,
513,com.jeyluta.timestampcamerafree,Pooja Mhapankar,happy and excellant,5,,,,
514,com.jeyluta.timestampcamerafree,Krishna,Nice Good üòá,4,,,,
515,com.jeyluta.timestampcamerafree,kashigiri goswami,Nice,5,,,,
516,com.jeyluta.timestampcamerafree,Sathish Kumar Sathish Kumar,Good,3,,,,
517,com.jeyluta.timestampcamerafree,Tanaji Kamble Avhekar,Nice,5,,,,
518,com.jeyluta.timestampcamerafree,Palaparthi Prem,Happy,5,,,,
519,com.jeyluta.timestampcamerafree,Bosun Sobayo,Awesome,4,,,,
520,com.jeyluta.timestampcamerafree,Lin Htein,useful,5,,,,
521,com.jeyluta.timestampcamerafree,rao budhi,Excellent üëç,5,,,,
522,com.jeyluta.timestampcamerafree,M.D.HANIF Hanif,Good,1,,,,
523,com.jeyluta.timestampcamerafree,Long Nguyen,Good good,5,,,,
524,com.jeyluta.timestampcamerafree,nurun nahar,Really nice,5,,,,
525,com.jeyluta.timestampcamerafree,Ryse Above,Great AP! Very easy to use and it's exactly what I was looking for.,5,,,,
526,com.jeyluta.timestampcamerafree,Ramakant Beernally,Very useful application,5,,,,
527,com.jeyluta.timestampcamerafree,VRINDAVAN GOND,Good,5,,,,
528,com.jeyluta.timestampcamerafree,salim ali,Fast. Reliable.,5,,,,
529,com.jeyluta.timestampcamerafree,Saravanan saravanan,Super,5,,,,
530,com.jeyluta.timestampcamerafree,arun sai,It's is getting stucked sometimes and no photos are coming after that only white screen please look into it,3,,,,
531,com.jeyluta.timestampcamerafree,Sulaiman Rahi,Too much loading fire,1,,,,
532,com.jeyluta.timestampcamerafree,Arshalan Quadari,Nice,2,,,,
533,com.jeyluta.timestampcamerafree,Hender Alberto Botello Torres,Nice app,5,,,,
534,com.jeyluta.timestampcamerafree,Elba Alias,Gud app,5,,,,
535,com.jeyluta.timestampcamerafree,venkatrao sirimalle,Work camera success,4,,,,
536,com.jeyluta.timestampcamerafree,Mohammad Khasim,Great camera,4,,,,
537,com.jeyluta.timestampcamerafree,Jose Colon,Just the most simplest perfect app!,5,,,,
538,com.jeyluta.timestampcamerafree,Devendra Mistry,Good,5,,,,
539,com.jeyluta.timestampcamerafree,Enchantress Moon,I love this app so I can prove that I left items at customers residence,5,,,,
540,com.jeyluta.timestampcamerafree,DHE CROWN,Great app,5,,,,
541,com.jeyluta.timestampcamerafree,Satheesh Raj,Me No,3,,,,
542,com.jeyluta.timestampcamerafree,ALAM MAHABUB,Awesome,5,,,,
543,com.jeyluta.timestampcamerafree,Murali Krishna,Very nice to good use very nice,5,,,,
544,com.jeyluta.timestampcamerafree,H Zolfaghari,ÿπÿßŸÑ€å,4,,,,
545,com.jeyluta.timestampcamerafree,Alfredo Collano,Good,4,,,,
546,com.jeyluta.timestampcamerafree,muadong thong,Good app,5,,,,
547,com.jeyluta.timestampcamerafree,Kelvin Lim,Nice apps,4,,,,
548,com.jeyluta.timestampcamerafree,Manoj Pandey,Good,5,,,,
549,com.jeyluta.timestampcamerafree,Toto Hidayat,Good,5,,,,
550,com.jeyluta.timestampcamerafree,ssaravanan kds,Ok,3,,,,
551,com.jeyluta.timestampcamerafree,Jayashree Pai,Good,4,,,,
552,com.jeyluta.timestampcamerafree,PCMS Riesini Secretaria,awesome,5,,,,
553,com.jeyluta.timestampcamerafree,Asif Kabir,Need wide angel camera for make video,2,,,,
554,com.jeyluta.timestampcamerafree,Mark Jayson Dela Paz,No ads please,5,,,,
555,com.jeyluta.timestampcamerafree,Misango Emmanuel,Gd experience,5,,,,
556,com.jeyluta.timestampcamerafree,P Lathif,It.s ok,4,,,,
557,com.jeyluta.timestampcamerafree,RAHUL NARWADE,Good,5,,,,
558,com.jeyluta.timestampcamerafree,Olivio Costa,Incrivel!?,5,,,,
559,com.jeyluta.timestampcamerafree,Mahesh Kalwar,Good,5,,,,
560,com.jeyluta.timestampcamerafree,May May,Satisfied,5,,,,
561,com.jeyluta.timestampcamerafree,ashutosh tiwari,Excellent,5,,,,
562,com.jeyluta.timestampcamerafree,FOOK KEONG WONG,"veryy useful, good app!",5,,,,
563,com.jeyluta.timestampcamerafree,Narinder Beeriwal,Nice app,5,,,,
564,com.jeyluta.timestampcamerafree,Renato Gonzales,Very excellent apps and accurate..,5,,,,
565,com.jeyluta.timestampcamerafree,Jaya Raj,Good,5,,,,
566,com.jeyluta.timestampcamerafree,shiroh Kimani,Great experience,5,,,,
567,com.jeyluta.timestampcamerafree,Ben Overlandengineering,Is exceptional in details information,5,,,,
568,com.jeyluta.timestampcamerafree,Rahul Maheshwari,Awesome Experience,5,,,,
569,com.jeyluta.timestampcamerafree,anil kumar,Good,5,,,,
570,com.jeyluta.timestampcamerafree,JONATHAN TETTEY ASHILLEY,Very clear and I like the time stamp,2,,,,
571,com.jeyluta.timestampcamerafree,ayumi minho,Good,5,,,,
572,com.jeyluta.timestampcamerafree,Nawab arsalan,it's very good and very saf for us ang good proor to our live location,5,,,,
573,com.jeyluta.timestampcamerafree,Elocin Nicole,It's good,5,,,,
574,com.jeyluta.timestampcamerafree,Emmanuel Kadon,Good program,5,,,,
575,com.jeyluta.timestampcamerafree,William Wilson,"Works great, but ads are anoying",4,,,,
576,com.jeyluta.timestampcamerafree,Klins Enow,"Very good app,very easy to use",5,,,,
577,com.jeyluta.timestampcamerafree,D Piz,Great app for door dash and UberEATS.,5,,,,
578,com.jeyluta.timestampcamerafree,Afsar Miah,Bad apps,2,,,,
579,com.jeyluta.timestampcamerafree,Shamsul Azhar Mohd Mokhtar,Excellent,5,,,,
580,com.jeyluta.timestampcamerafree,Engr. Allan Mechanical Engineer_Sponsored,App is generally good.,5,,,,
581,com.jeyluta.timestampcamerafree,M D,Great performance,5,,,,
582,com.jeyluta.timestampcamerafree,vijay paliyal,Good,5,,,,
583,com.jeyluta.timestampcamerafree,Nafilancio Mausse,Thank,5,,,,
584,com.jeyluta.timestampcamerafree,Pushpendra Singh,This is nice camera,5,,,,
585,com.jeyluta.timestampcamerafree,amizol jusoh,Good,5,,,,
586,com.jeyluta.timestampcamerafree,Dhansingh Lahre,Nice,5,,,,
587,com.jeyluta.timestampcamerafree,Nokia 3210,good apps,4,,,,
588,com.jeyluta.timestampcamerafree,mahnaz ansari,I like this app and it is easy to use also time date location settings,5,,,,
589,com.jeyluta.timestampcamerafree,Sun Flower,Helpful......,5,,,,
590,com.jeyluta.timestampcamerafree,Muhammad Septiandi,Good,5,,,,
591,com.jeyluta.timestampcamerafree,Kanishak Dadhich,Good Very good nyyc,5,,,,
592,com.jeyluta.timestampcamerafree,Sureshkumar Sureshkumar,Really automatically taking time date and location exactly,5,,,,
593,com.jeyluta.timestampcamerafree,Manoj Heliya,excellent,5,,,,
594,com.jeyluta.timestampcamerafree,Robiul Islam raj,Awesome,5,,,,
595,com.jeyluta.timestampcamerafree,Eduardo Macias,Great app to use. Accurate GPS and good quality photos,5,,,,
596,com.jeyluta.timestampcamerafree,kashmiri kings point,Good app,5,,,,
597,com.jeyluta.timestampcamerafree,AKTER HOSSAIN,Very good camera for work reporting with the date and time.,5,,,,
598,com.jeyluta.timestampcamerafree,swathiprasad 2023,NIce,3,,,,
599,com.jeyluta.timestampcamerafree,ÿßÿ≠ŸÖÿØ ÿµŸÑÿßÿ≠,üëçüèª,5,,,,
600,com.jeyluta.timestampcamerafree,Lic Muthukumar,Super,3,,,,
601,com.jeyluta.timestampcamerafree,Tan Seng Kiat,Very useful and easy to use. Will recommended other to use it. Thanks,5,,,,
602,com.jeyluta.timestampcamerafree,Rahul Lonare,Ok,4,,,,
603,com.jeyluta.timestampcamerafree,Meenakshi Bajpai,Usefull,5,,,,
604,com.jeyluta.timestampcamerafree,Tony Ford,fun,5,,,,
605,com.jeyluta.timestampcamerafree,Nagra S Dhonomidjoyo,Good helper,5,,,,
606,com.jeyluta.timestampcamerafree,Prabhu M,Super,5,,,,
607,com.jeyluta.timestampcamerafree,Anil Jha,Location deekhao.,5,,,,
608,com.jeyluta.timestampcamerafree,B B,Satisfied,5,,,,
609,com.jeyluta.timestampcamerafree,Abdul Hadi G,Ok mantapp,5,,,,
610,com.jeyluta.timestampcamerafree,Mycovid Apptracer,Awesome app for auditing traffic management sites,5,,,,
611,com.jeyluta.timestampcamerafree,Ravi Sharma,Very good,5,,,,
612,com.jeyluta.timestampcamerafree,Qurratu insyirah,I like this app,5,,,,
613,com.jeyluta.timestampcamerafree,Danilo Lunas,"Great,useful notification",3,,,,
614,com.jeyluta.timestampcamerafree,Raj Kushwah,Location or toda behatar karo,4,,,,
615,com.jeyluta.timestampcamerafree,Aboi Kaboi,Easy to use. üëçüëç,5,,,,
616,com.jeyluta.timestampcamerafree,Satish Londe,Thank you nice service,5,,,,
617,com.jeyluta.timestampcamerafree,SUREKHA BHARTI,Excellent,5,,,,
618,com.jeyluta.timestampcamerafree,Samirkumar Pandya,Download anyway,5,,,,
619,com.jeyluta.timestampcamerafree,Raju Raj,Not download,5,,,,
620,com.jeyluta.timestampcamerafree,Haider Ali,Good,5,,,,
621,com.jeyluta.timestampcamerafree,Phillip Nartates,Great,5,,,,
622,com.jeyluta.timestampcamerafree,Md Majharul,Superved,5,,,,
623,com.jeyluta.timestampcamerafree,Ve Macrinnon,Video record button makes it crash now. Uninstalling.,1,,,,
624,com.jeyluta.timestampcamerafree,hanumant sanap,"no accuracy, or very low quality",5,,,,
625,com.jeyluta.timestampcamerafree,Pribumijaya Contractor,Better than normal camera..it very useful for for me as well.tq,3,,,,
626,com.jeyluta.timestampcamerafree,hifi systems Bangalore,Nice app,5,,,,
627,com.jeyluta.timestampcamerafree,pandian veerasamy,Fine,5,,,,
628,com.jeyluta.timestampcamerafree,Mat Razi,Cannot vid,1,,,,
629,com.jeyluta.timestampcamerafree,SHARVAN 2002,Nice,3,,,,
630,com.jeyluta.timestampcamerafree,Bala Suresh N,Very useful,4,,,,
631,com.jeyluta.timestampcamerafree,Prasanna Sridevi,Sup,4,,,,
632,com.jeyluta.timestampcamerafree,Chris Stepanis,This app is amazing. I recommend it to all. It is simple to use and comes in handy for work related applications.,5,,,,
633,com.jeyluta.timestampcamerafree,Louis A. Bajkai,Fantastic!,5,,,,
634,com.jeyluta.timestampcamerafree,Darren Donald,Does what I need A++,5,,,,
635,com.jeyluta.timestampcamerafree,shyamsingh choudhary,Nice üëç application for camera and location,5,,,,
636,com.jeyluta.timestampcamerafree,Sangeeta Surana,Excellent,5,,,,
637,com.jeyluta.timestampcamerafree,Hussaini Jafar,Vary perfect,5,,,,
638,com.jeyluta.timestampcamerafree,Rashidee Kamarulzaman,Good,4,,,,
639,com.jeyluta.timestampcamerafree,vivek dixit,Ok,4,,,,
640,com.jeyluta.timestampcamerafree,jayalaks balamurugan,Sometimes location is not showing,5,,,,
641,com.jeyluta.timestampcamerafree,mani kumar singamsetty,Nice,5,,,,
642,com.jeyluta.timestampcamerafree,Nethra M,Good,5,,,,
643,com.jeyluta.timestampcamerafree,gaurav trivedi,‡§ì‡§ï‡•á,5,,,,
644,com.jeyluta.timestampcamerafree,Anthony Koh,Awesome,5,,,,
645,com.jeyluta.timestampcamerafree,Chirag Patel,Good App,5,,,,
646,com.jeyluta.timestampcamerafree,d.v.sunil kumar srisrisurya masalas,Execelent,5,,,,
647,com.jeyluta.timestampcamerafree,Udaya Bishi,Good,5,,,,
648,com.jeyluta.timestampcamerafree,Jitendra Singh,Location address kabhi kabhi show nhi krta,4,,,,
649,com.jeyluta.timestampcamerafree,Ibrahim Sibli Goghari,Fantastic...very informative,5,,,,
650,com.jeyluta.timestampcamerafree,enumula ramanna,1years,5,,,,
651,com.jeyluta.timestampcamerafree,Bhadmus hamzat,Timestampcamera D,5,,,,
652,com.jeyluta.timestampcamerafree,Miztaseelan Naidu,üòåüòØüòèü§î TQ e nice,5,,,,
653,com.jeyluta.timestampcamerafree,khasim c,Exalant this app,4,,,,
654,com.jeyluta.timestampcamerafree,Muddu Venkata Narashima Sharma,My camera flash light is not working in this app,5,,,,
655,com.jeyluta.timestampcamerafree,Alka Budhrani,Excellent,5,,,,
656,com.jeyluta.timestampcamerafree,⁄ØŸÑÿ±€åÿ≤ ⁄Øÿ¨ÿ±€î,Nice Camera üì∏,5,,,,
657,com.jeyluta.timestampcamerafree,Nabin kumar Ghosh,Very good,5,,,,
658,com.jeyluta.timestampcamerafree,OMAR H. UNOS,Verry nice,5,,,,
659,com.jeyluta.timestampcamerafree,Sofia Amaro,Excellent you can't choose just a time or you can choose the location address and all I just love it,5,,,,
660,com.jeyluta.timestampcamerafree,Dulce Rivera,I love it. I could change the locations. I like the fact that is dated. Im very forgetful so the dates are a plus for me. You could customize the size of the pic or video. There's alot of things you could do than the regular cam that comes with the phone and it's free..‚ù§‚ù§,5,,,,
661,com.jeyluta.timestampcamerafree,Levi Tayo,Nice apps!!!!,5,,,,
662,com.jeyluta.timestampcamerafree,Abah Kurnia,Good application. For sure,5,,,,
663,com.jeyluta.timestampcamerafree,ved prakash,Nice app,5,,,,
664,com.jeyluta.timestampcamerafree,PK GAME'S,Location not working very bad experience,1,,,,
665,com.jeyluta.timestampcamerafree,Hemant Vasava,Nice app,5,,,,
666,com.jeyluta.timestampcamerafree,Akshay Thakur,Accurate af,5,,,,
667,com.jeyluta.timestampcamerafree,Raavi Parihar,Wonderful,5,,,,
668,com.jeyluta.timestampcamerafree,Chandan Das,GOOD,5,,,,
669,com.jeyluta.timestampcamerafree,Dr.Jyoti Sharma,Clear,5,,,,
670,com.jeyluta.timestampcamerafree,Saharsh Jain,This app is op,5,,,,
671,com.jeyluta.timestampcamerafree,Melissa Contreras,Didn't like,2,,,,
672,com.jeyluta.timestampcamerafree,venkatesh lawrence,Excellent,5,,,,
673,com.jeyluta.timestampcamerafree,gurveer singh,Good work,5,,,,
674,com.jeyluta.timestampcamerafree,Nasrun RASIAD,Good apps....percise,5,,,,
675,com.jeyluta.timestampcamerafree,Amrun Anwari,So far so good . No bad experince while using this app.,5,,,,
676,com.jeyluta.timestampcamerafree,Karen Jordan,I am glad date and time are shown.,4,,,,
677,com.jeyluta.timestampcamerafree,denz kaleb,Good,4,,,,
678,com.jeyluta.timestampcamerafree,Ziad Alkhoury,Useful app,5,,,,
679,com.jeyluta.timestampcamerafree,ibrahim tijani,Good,4,,,,
680,com.jeyluta.timestampcamerafree,shaik bavajan,Good,4,,,,
681,com.jeyluta.timestampcamerafree,Ryan Ford,App is simple enough to operate. Only issue I have is I can't send multiple pics on social media. I receive unable to detect social media message,2,,,,
682,com.jeyluta.timestampcamerafree,Andisuriya Jalil,Good app,5,,,,
683,com.jeyluta.timestampcamerafree,Felix Bal,No comments,5,,,,
684,com.jeyluta.timestampcamerafree,Joseph Loh,Excellent! Very useful,5,,,,
685,com.jeyluta.timestampcamerafree,Barbara Ramos,Best timestamp app for Android! Highly recommend!,5,,,,
686,com.jeyluta.timestampcamerafree,Zulkeflee Abdul Aziz,Gd app as no hassle ....easy n clear to use...,5,,,,
687,com.jeyluta.timestampcamerafree,hiralal Sah,Good morning üôè‚òÄÔ∏è‚ù£Ô∏è,5,,,,
688,com.jeyluta.timestampcamerafree,Hashimu Musa,very nice,5,,,,
689,com.jeyluta.timestampcamerafree,Harry Shuler,Needed it because of my photography doing and investigation. It worked great.,5,,,,
690,com.jeyluta.timestampcamerafree,Mary Ann Miles,Love knowing the date when picture was taken,5,,,,
691,com.jeyluta.timestampcamerafree,Suhan Vohra,Nice apps,5,,,,
692,com.jeyluta.timestampcamerafree,Fredderrick Erungu,Perfect,5,,,,
693,com.jeyluta.timestampcamerafree,Sebastian C,exactly what I need and plenty of options,5,,,,
694,com.jeyluta.timestampcamerafree,Tanaya Kadam,Good excellent work,3,,,,
695,com.jeyluta.timestampcamerafree,Elam Maran,Very good,5,,,,
696,com.jeyluta.timestampcamerafree,Jasmine Phillips,I do side gigs and this is perfect for self documentation,5,,,,
697,com.jeyluta.timestampcamerafree,abdullah al nonan,nl,5,,,,
698,com.jeyluta.timestampcamerafree,Rameshwar Rao Gudepu,Very useful app,5,,,,
699,com.jeyluta.timestampcamerafree,Prasad Sarwadnya,Nice aap. But when update. Why photo automatically go to delete bin. Not save in gallery.,4,,,,
700,com.jeyluta.timestampcamerafree,Edward Banfield,Great app and we use it at work everyday,5,,,,
701,com.jeyluta.timestampcamerafree,Syed Amar Khalid,Canti...,5,,,,
702,com.jeyluta.timestampcamerafree,Scott Chadsey,"Good stuff. Quick, easy.",4,,,,
703,com.jeyluta.timestampcamerafree,John T Stankiewicz,Works perfect every time,5,,,,
704,com.jeyluta.timestampcamerafree,Badri Prasad Jhariya,Very good,5,,,,
705,com.jeyluta.timestampcamerafree,Janumajanu Januma,Good,5,,,,
706,com.jeyluta.timestampcamerafree,Fang Chung Lim,There seems to be something wrong with the GPS location tagging display in the app when I take a photo with it..! It doesn't show..!,3,,,,
707,com.jeyluta.timestampcamerafree,Aida,Great!,5,,,,
708,com.jeyluta.timestampcamerafree,vasudevan Rajasekaran,Happy with app,5,,,,
709,com.jeyluta.timestampcamerafree,David Kemp,"I use it for work, great tool!",5,,,,
710,com.jeyluta.timestampcamerafree,Anjali mary Kisku,Very good app,4,,,,
711,com.jeyluta.timestampcamerafree,Amina Khatun,Good,5,,,,
712,com.jeyluta.timestampcamerafree,rey sangga,beautiful apps very usefull,5,,,,
713,com.jeyluta.timestampcamerafree,A Google user,Amazing,5,,,,
714,com.jeyluta.timestampcamerafree,Richard Poh,Easy to use and all important details can be logged and displayed.,5,,,,
715,com.jeyluta.timestampcamerafree,hea san,good,5,,,,
716,com.jeyluta.timestampcamerafree,Connie Beadell,Very good app. Use for adding gps co-ords onto photos. More accurate if you wait a few seconds for the GPS to catch up on your location (and your phone gps is calibrated...). Lots of features including light & focus adjustments. Thank you.,5,,,,
717,com.jeyluta.timestampcamerafree,A Google user,Works great. Gives the correct address,5,,,,
718,com.jeyluta.timestampcamerafree,vinod dhundhara,Good job,5,,,,
719,com.jeyluta.timestampcamerafree,Joseph Medepalli,Nice app i loved it,5,,,,
720,com.jeyluta.timestampcamerafree,Muliani Khoe,Perfect,5,,,,
721,com.jeyluta.timestampcamerafree,Ebuka Okonkwo,Very lovely app giving me exactly what I want in terms of flipping the camera focus.,5,,,,
722,com.jeyluta.timestampcamerafree,Beng Carolino,Good!,4,,,,
723,com.jeyluta.timestampcamerafree,Taruni Ug,Good,5,,,,
724,com.jeyluta.timestampcamerafree,Tandiono Dft,Helpfull,5,,,,
725,com.jeyluta.timestampcamerafree,Bhauso Shejal,Excellent,5,,,,
726,com.jeyluta.timestampcamerafree,vijay kumar,Superb,4,,,,
727,com.jeyluta.timestampcamerafree,Kuldip singh Ghumman,Super super,5,,,,
728,com.jeyluta.timestampcamerafree,Ishwarya Ishwarya,Super,5,,,,
729,com.jeyluta.timestampcamerafree,Toch Oenu,·ûõ·üí·û¢,1,,,,
730,com.jeyluta.timestampcamerafree,Rajesh Kohale,Good,5,,,,
731,com.jeyluta.timestampcamerafree,Corruption,2 stars because it darkens the photo on some pictures and even turns on the flashlight without any way of shutting it off.,2,,,,
732,com.jeyluta.timestampcamerafree,Alpesh Lakhani,Good app,4,,,,
733,com.jeyluta.timestampcamerafree,mdnor matnor,üëç,5,,,,
734,com.jeyluta.timestampcamerafree,vicki cassidy,Thank you,5,,,,
735,com.jeyluta.timestampcamerafree,pandeymithilesh 25,Good,4,,,,
736,com.jeyluta.timestampcamerafree,Payel Singha deb,Good,2,,,,
737,com.jeyluta.timestampcamerafree,Bakry Gasim,Good and smooth and light,5,,,,
738,com.jeyluta.timestampcamerafree,Jethro Ni√±o De√±oso,Good to used,5,,,,
739,com.jeyluta.timestampcamerafree,Alicia Wright,"App won't open unless you enable permissions for MICROPHONE? I don't understand, that's creepy.",1,,,,
740,com.jeyluta.timestampcamerafree,Irish Jimenez,Nice apps,5,,,,
741,com.jeyluta.timestampcamerafree,John Van Rooyen,address does not always show,5,,,,
742,com.jeyluta.timestampcamerafree,Yogesh Yadav,Date or time or location show krna band karo,2,,,,
743,com.jeyluta.timestampcamerafree,Emery Nkunze,Clear pictures look great.,5,,,,
744,com.jeyluta.timestampcamerafree,Alessio Marafioti,Useful and practical,5,,,,
745,com.jeyluta.timestampcamerafree,cooper leogo,Good,4,,,,
746,com.jeyluta.timestampcamerafree,Manik Katke,Very good,5,,,,
747,com.jeyluta.timestampcamerafree,Goldee Sharma,Good app,5,,,,
748,com.jeyluta.timestampcamerafree,bojja . swapna swapna,Best,5,,,,
749,com.jeyluta.timestampcamerafree,Jefrae Dean Mondala,It's easy to use I loved it so much,5,,,,
750,com.jeyluta.timestampcamerafree,Mike Shannon,Best cam app I use for my job.,5,,,,
751,com.jeyluta.timestampcamerafree,Delhi 42,Download problems,4,,,,
752,com.jeyluta.timestampcamerafree,Putra Caster solo,jika boleh ubah gaya tulisan dan effect lagi terbaiikkkk.. üåü‚≠êüåü,4,,,,
753,com.jeyluta.timestampcamerafree,Biodun Salami,Excellent,5,,,,
754,com.jeyluta.timestampcamerafree,Sagar Khinchi,Dowenlode nahi ho raha hy pls help,1,,,,
755,com.jeyluta.timestampcamerafree,Mariappan Sedambaram,Good,1,,,,
756,com.jeyluta.timestampcamerafree,NAVEEN MOHITE,Very useful app,5,,,,
757,com.jeyluta.timestampcamerafree,Ojo Olawale,Good and efficient,4,,,,
758,com.jeyluta.timestampcamerafree,raffy george suarez,Good,4,,,,
759,com.jeyluta.timestampcamerafree,Goutham m,Worst application,1,,,,
760,com.jeyluta.timestampcamerafree,Yohanes Agaphea Ratmoko,So far so goodüëçüëç,5,,,,
761,com.jeyluta.timestampcamerafree,mohamed tanzeem,Nice app,5,,,,
762,com.jeyluta.timestampcamerafree,Joshua L. Mendoza,Very good and very useful app,5,,,,
763,com.jeyluta.timestampcamerafree,Xuan Pham,Feel good,5,,,,
764,com.jeyluta.timestampcamerafree,Ramu Kurakula,‡∞ü‡∞ü‡∞ü,1,,,,
765,com.jeyluta.timestampcamerafree,Krishna Budati,Super,3,,,,
766,com.jeyluta.timestampcamerafree,Sonuverma Verma,‡§ü‡§æ‡§á‡§Æ‡§ø‡§Ç‡§ó ‡§ï‡•à‡§Æ‡§∞‡§æ ‡§¨‡§π‡•Å‡§§ ‡§ñ‡•Ç‡§¨‡§∏‡•Ç‡§∞‡§§,4,,,,
767,com.jeyluta.timestampcamerafree,Josh A√±asco,Stupid app,1,,,,
768,com.jeyluta.timestampcamerafree,Bolaji Danmola,"It's very clear, safe..... well detailed information",5,,,,
769,com.jeyluta.timestampcamerafree,nitin ambure,Superb,5,,,,
770,com.jeyluta.timestampcamerafree,Vikas Mankar,Good app for civil engineer's,4,,,,
771,com.jeyluta.timestampcamerafree,christopher jan matillano,Awesome,5,,,,
772,com.jeyluta.timestampcamerafree,Delhi Delhi,Bakwas h y,2,,,,
773,com.jeyluta.timestampcamerafree,Mamata Surendranath,Thank you,5,,,,
774,com.jeyluta.timestampcamerafree,tiparapu raju,üëåüëåüëåüëå,5,,,,
775,com.jeyluta.timestampcamerafree,Venkatesh Murthy,"Time and date is ok,location and area address not coming in photo",3,,,,
776,com.jeyluta.timestampcamerafree,Numeriano Estopel,better than other Apps with the same function,5,,,,
777,com.jeyluta.timestampcamerafree,neil BIMBAO,I love it,5,,,,
778,com.jeyluta.timestampcamerafree,Ral Peter Llaneta,one star only because the location in my timestamp suddenly appear without any reason.,1,,,,
779,com.jeyluta.timestampcamerafree,santhosh kumar,Amazing and fantastic üòäüòäüòäüòäüòä,5,,,,
780,com.jeyluta.timestampcamerafree,Krishnaprasad Marelly,Good,5,,,,
781,com.jeyluta.timestampcamerafree,Gurudev Das,Mind blowing,5,,,,
782,com.jeyluta.timestampcamerafree,pro player,Good‚Äã for‚Äã work‚Äã owner‚Äã see‚Äã time‚Äã What.time‚Äã me‚Äã working‚Äã where.me.working see.time all.the‚Äã time.,4,,,,
783,com.jeyluta.timestampcamerafree,N.S. Chauhan,Awesome aap using for cordinate,4,,,,
784,com.jeyluta.timestampcamerafree,Seng Mong Lim,Super especially the location feature.,5,,,,
785,com.jeyluta.timestampcamerafree,Joseph Munoz,Nice one,5,,,,
786,com.jeyluta.timestampcamerafree,Lawrence Davis,Very good helpful for my job also for recording time and location,5,,,,
787,com.jeyluta.timestampcamerafree,Md Masud,Good,5,,,,
788,com.jeyluta.timestampcamerafree,Josue Vilchis Guerrero,Una incre√≠ble alternativa si se necesita agregar informaci√≥n a las. Fotograf√≠as,5,,,,
789,com.jeyluta.timestampcamerafree,A Khalim Mohd Salleh,Wonderful,5,,,,
790,com.jeyluta.timestampcamerafree,Apoorv Gupta,Nice,5,,,,
791,com.jeyluta.timestampcamerafree,Dgi Thio,üòÄüëç,5,,,,
792,com.jeyluta.timestampcamerafree,Michael Cullen,Love it.,5,,,,
793,com.jeyluta.timestampcamerafree,Herman Rivera,Good app no problems,5,,,,
794,com.jeyluta.timestampcamerafree,Sanjay Shaw,N8ce,5,,,,
795,com.jeyluta.timestampcamerafree,Martha Owusu,Very interesting,5,,,,
796,com.jeyluta.timestampcamerafree,Deng Lang,Lovely Apps,4,,,,
797,com.jeyluta.timestampcamerafree,Pawan Dhole,Nice.,5,,,,
798,com.jeyluta.timestampcamerafree,Patrick Human,Very satisfies.,5,,,,
799,com.jeyluta.timestampcamerafree,John Ashade,"Great app, no hiccups noticed",5,,,,
800,com.jeyluta.timestampcamerafree,Abdul Razak Firdaus,üëå,5,,,,
801,com.jeyluta.timestampcamerafree,Murugan kandasamy Murugan,Good n helpful,5,,,,
802,com.jeyluta.timestampcamerafree,liem jonny,Cool,5,,,,
803,com.jeyluta.timestampcamerafree,Mathan Kumar,‡ÆÆ‡Æ§‡Æ©‡Øç‡Æï‡ØÅ‡ÆÆ‡Ææ‡Æ∞‡Øç..‡ÆÆ,5,,,,
804,com.jeyluta.timestampcamerafree,Alfonso Araquil jr.,Good,5,,,,
805,com.jeyluta.timestampcamerafree,Michael Daigneault,Works great. Need date occasionally this is the only one that works like I need,4,,,,
806,com.jeyluta.timestampcamerafree,Lodewickus Van Eeden,Great app excellent,5,,,,
807,com.jeyluta.timestampcamerafree,Daryl Morrison,Great.,5,,,,
808,com.jeyluta.timestampcamerafree,Damar Dore,"Should not need microphone and location data to work, your app screams scammer!",1,,,,
809,com.jeyluta.timestampcamerafree,David Robles,Some times the apps closed by himself,3,,,,
810,com.jeyluta.timestampcamerafree,Kannadi Sugumaran Manekanddan,‡ÆÖ‡Æ∞‡ØÅ‡ÆÆ‡Øà‡ÆØ‡Ææ‡Æ© ‡Æö‡ØÜ‡ÆØ‡Æ≤‡Æø ‡Æ§‡Øä‡Æü‡Æ∞‡Æü‡Øç‡Æü‡ØÅ‡ÆÆ‡Øç ‡Æá‡Æ§‡Æ©‡Øç ‡ÆÆ‡Øá‡ÆÆ‡Øç‡Æ™‡Ææ‡Æü‡ØÅ,4,,,,
811,com.jeyluta.timestampcamerafree,Surekha N R,Good,5,,,,
812,com.jeyluta.timestampcamerafree,Vinita Patidar,Nice app,4,,,,
813,com.jeyluta.timestampcamerafree,Mary Jane Dedumo,Nice,5,,,,
814,com.jeyluta.timestampcamerafree,Andre du Toit,Love it!,5,,,,
815,com.jeyluta.timestampcamerafree,annu Pandey,Nice üëç,5,,,,
816,com.jeyluta.timestampcamerafree,Vishal Singh,Mum,5,,,,
817,com.jeyluta.timestampcamerafree,Rosmy Abraham,Nice app,5,,,,
818,com.jeyluta.timestampcamerafree,Zaifullazran Adam,Nice app easy to use....,5,,,,
819,com.jeyluta.timestampcamerafree,Jeff Spigner,Great quality clear pictures,5,,,,
820,com.jeyluta.timestampcamerafree,Mustapa Fadzil,Ok,5,,,,
821,com.jeyluta.timestampcamerafree,Camilo Vivero,Good,4,,,,
822,com.jeyluta.timestampcamerafree,Gaurav Saini,Fik,5,,,,
823,com.jeyluta.timestampcamerafree,Md Kawsar ali,Really very nice apps üëç,5,,,,
824,com.jeyluta.timestampcamerafree,El Boricua,Excelent,5,,,,
825,com.jeyluta.timestampcamerafree,Abeser S. Gracias Jr,üëç,5,,,,
826,com.jeyluta.timestampcamerafree,Abdul AbduJalil,Good,5,,,,
827,com.jeyluta.timestampcamerafree,aslam khan,Amazing app,5,,,,
828,com.jeyluta.timestampcamerafree,Hakeem Olaide Busari,Dependable and Reliable,5,,,,
829,com.jeyluta.timestampcamerafree,Irish allysa Reyes,Wow üååüååüååüåå,5,,,,
830,com.jeyluta.timestampcamerafree,isaac dotiyong,Great,5,,,,
831,com.jeyluta.timestampcamerafree,Hamdy Aboekail,Very bad,1,,,,
832,com.jeyluta.timestampcamerafree,Molala Solomon Christo Matome,"It's good, I keeps records",3,,,,
833,com.jeyluta.timestampcamerafree,Nun Nor,good,5,,,,
834,com.jeyluta.timestampcamerafree,Chhattisgarh ke tura,Good,5,,,,
835,com.jeyluta.timestampcamerafree,yogesh kewat,Your application is not saport my OnePlus 7tpro mobile plz help and check the problem,1,,,,
836,com.jeyluta.timestampcamerafree,Jaman Bdru,excellent,5,,,,
837,com.jeyluta.timestampcamerafree,Ilham Arrofif,That's cool,5,,,,
838,com.jeyluta.timestampcamerafree,Rey Lauzon,Good,5,,,,
839,com.jeyluta.timestampcamerafree,Subha Dip,Too much bugs.. not working properly,1,,,,
840,com.jeyluta.timestampcamerafree,Travis Webber,Great app. Works Everytime. Only downside when I click share it takes me to messages menu but I have to re click pic from messages.,4,,,,
841,com.jeyluta.timestampcamerafree,Mphela Sefara,I am enjoying it. Will always use it.,5,,,,
842,com.jeyluta.timestampcamerafree,Gurmeet Sethi,Good GPS Capturing Device,5,,,,
843,com.jeyluta.timestampcamerafree,Adi Budiarto,Picture didn't exist after take a picture,1,,,,
844,com.jeyluta.timestampcamerafree,Am Lam,Nice app,4,,,,
845,com.jeyluta.timestampcamerafree,Mudasir Ahmed shah,Excellent,5,,,,
846,com.jeyluta.timestampcamerafree,Peelofix 1955,Very good communication to my working concern and to my family To find out where i am,5,,,,
847,com.jeyluta.timestampcamerafree,ALL IN ONE,Great App And Simple To Use...,5,,,,
848,com.jeyluta.timestampcamerafree,Danny McAfee,Great app,5,,,,
849,com.jeyluta.timestampcamerafree,Jumahat Kasim,No location .,2,,,,
850,com.jeyluta.timestampcamerafree,Priya E,Elavarasan,1,,,,
851,com.jeyluta.timestampcamerafree,AMIT KUMAR SINGH,5 ok,5,,,,
852,com.jeyluta.timestampcamerafree,Albert Giarretta,Would like to the name of structures in the picture,4,,,,
853,com.jeyluta.timestampcamerafree,Ritu Majhi,Gh,5,,,,
854,com.jeyluta.timestampcamerafree,Srikanta Maji,This app is very helpful.I love it.,4,,,,
855,com.jeyluta.timestampcamerafree,vincent kcr,Mantul,5,,,,
856,com.jeyluta.timestampcamerafree,M Saivinay,West app not working,1,,,,
857,com.jeyluta.timestampcamerafree,Gaurav Sharma,Good,2,,,,
858,com.jeyluta.timestampcamerafree,Neeraj Verma,Good,5,,,,
859,com.jeyluta.timestampcamerafree,Marvin Uy,I don't like so many ads.,4,,,,
860,com.jeyluta.timestampcamerafree,Babaji Naidu,Nice,5,,,,
861,com.jeyluta.timestampcamerafree,Taab Kavinya,Nice app,3,,,,
862,com.jeyluta.timestampcamerafree,BRB VLOGS,Good app for photo,1,,,,
863,com.jeyluta.timestampcamerafree,Rex Vincent Maramara,Good,5,,,,
864,com.jeyluta.timestampcamerafree,mohammad ashraf,Real time&to point exact location Very useful,5,,,,
865,com.jeyluta.timestampcamerafree,ahmed helal,Very good,5,,,,
866,com.jeyluta.timestampcamerafree,Tushar Patel,Nice app,5,,,,
867,com.jeyluta.timestampcamerafree,Praveen Praveen,Super app use full app,5,,,,
868,com.jeyluta.timestampcamerafree,Lokesh Nagar,Good,5,,,,
869,com.jeyluta.timestampcamerafree,Mulawarman Soehandie,Good to know exactly time and where picture was taken,4,,,,
870,com.jeyluta.timestampcamerafree,Arun Jothi,I don't know why I long time use timestamp camera but now I cannot use meaning is I go use the timestamp camera take the photo the photo don't have I go on video automatic coming out there apps ü§îü§îü§î,2,,,,
871,com.jeyluta.timestampcamerafree,Satyan N,Super,5,,,,
872,com.jeyluta.timestampcamerafree,John Rex Redondo,Ok,1,,,,
873,com.jeyluta.timestampcamerafree,Romyl antonio Dolores,SalAMAT PO KUYA,1,,,,
874,com.jeyluta.timestampcamerafree,Dyte Mathe,Good,3,,,,
875,com.jeyluta.timestampcamerafree,Noel Gonzales,Very good aplication.figured exact location and the date..,5,,,,
876,com.jeyluta.timestampcamerafree,Rajesh Narsule,Excellent app üëç,5,,,,
877,com.jeyluta.timestampcamerafree,Siobhan Macfadyen,Can't seem to edit the address if the location is listed incorrectly on the image,3,,,,
878,com.jeyluta.timestampcamerafree,Olvido Collins,Very useful for emergency and accident purposes,5,,,,
879,com.jeyluta.timestampcamerafree,Danukarn Tunsakul,Very good,5,,,,
880,com.jeyluta.timestampcamerafree,Creatore S Core,I like the proof aquratce of this app,5,,,,
881,com.jeyluta.timestampcamerafree,Abhishek shilly,Gud,5,,,,
882,com.jeyluta.timestampcamerafree,fakruddin p.m moiz,Good,4,,,,
883,com.jeyluta.timestampcamerafree,Monika Arya,Amazing experience.... Nice app,5,,,,
884,com.jeyluta.timestampcamerafree,Botsoy Devaras,Nice app.thank you,5,,,,
885,com.jeyluta.timestampcamerafree,Raymund Condes,Exellent,5,,,,
886,com.jeyluta.timestampcamerafree,Debashish Ghosh,Good,5,,,,
887,com.jeyluta.timestampcamerafree,Lake Alfred,Works as it should good stuff,5,,,,
888,com.jeyluta.timestampcamerafree,Shakil Ahmed,Good camera app,5,,,,
889,com.jeyluta.timestampcamerafree,SB Verma,"Beautiful, Very Useful & excellent results. Thanks.",1,,,,
890,com.jeyluta.timestampcamerafree,Oasis Solutions,Good,4,,,,
891,com.jeyluta.timestampcamerafree,WayA,Great Apps!! Very helpful for supporting my field job,5,,,,
892,com.jeyluta.timestampcamerafree,Aviel Zion Tutor,Excellent,5,,,,
893,com.jeyluta.timestampcamerafree,T Venkateswarlu9948,Super,5,,,,
894,com.jeyluta.timestampcamerafree,Viraj Merukar,Verry bad,1,,,,
895,com.jeyluta.timestampcamerafree,SATISH CHAVHAN,Very useful app,5,,,,
896,com.jeyluta.timestampcamerafree,radhaswamy raju,Very nice,5,,,,
897,com.jeyluta.timestampcamerafree,Patrick Ahearne,Very good üëç,5,,,,
898,com.jeyluta.timestampcamerafree,A Google user,Easy,4,,,,
899,com.jeyluta.timestampcamerafree,leonardojr agana,Satisfied,5,,,,
900,com.jeyluta.timestampcamerafree,fairul nizam,Satisfied,5,,,,
901,com.jeyluta.timestampcamerafree,Philip Pip,Good app,5,,,,
902,com.jeyluta.timestampcamerafree,Wee Keong Ng,Working great! Except the advertisement,4,,,,
903,com.jeyluta.timestampcamerafree,Shayne Stewart,Really great and useful,5,,,,
904,com.jeyluta.timestampcamerafree,Vijay Pratap Singh,Good,4,,,,
905,com.jeyluta.timestampcamerafree,Daniel Kasak,Pop up advertising everywhere. Total junk,1,,,,
906,com.jeyluta.timestampcamerafree,NP Suresh,Shows exact location and time posted by the person. Well informed update that serves a particular purpose required by any organisation.üëç,5,,,,
907,com.jeyluta.timestampcamerafree,Armando Armani,Valued application,5,,,,
908,com.jeyluta.timestampcamerafree,Decry Hard,"Just want to know whats the difference between this time stamp, IN and ENT version before i download.",4,,,,
909,com.jeyluta.timestampcamerafree,Noman Khan,Hh,3,,,,
910,com.jeyluta.timestampcamerafree,Reza Khi,Very Good,5,,,,
911,com.jeyluta.timestampcamerafree,Jonas Macuacue,This is outstanding app. It gives you exact coordinates at real time when you are online. May come the best app to warrant your coordinates takes,5,,,,
912,com.jeyluta.timestampcamerafree,Elmer Quebec,Ok lng,1,,,,
913,com.jeyluta.timestampcamerafree,Hee Phang Lim,I have used this app for 2 months now and everyday too. It is very handy. Truely like it.,5,,,,
914,com.jeyluta.timestampcamerafree,Yusa Tondok,Love it,4,,,,
915,com.jeyluta.timestampcamerafree,Beni Prasetia,Like it,5,,,,
916,com.jeyluta.timestampcamerafree,Manthar Rai Jaisaani,Very nice,5,,,,
917,com.jeyluta.timestampcamerafree,JC_jake Flores,Very usefull,5,,,,
918,com.jeyluta.timestampcamerafree,Ankita Saraswat,I liked this app.,4,,,,
919,com.jeyluta.timestampcamerafree,the last prince dracula,Good,5,,,,
920,com.jeyluta.timestampcamerafree,ngadi wiyanto,Good app,5,,,,
921,com.jeyluta.timestampcamerafree,Arunodaya V,Good,5,,,,
922,com.jeyluta.timestampcamerafree,Majid Ghavami,Good,5,,,,
923,com.jeyluta.timestampcamerafree,piston rodel,üòéüëçAmazing!,5,,,,
924,com.jeyluta.timestampcamerafree,Fatuma Abdul,Good,5,,,,
925,com.jeyluta.timestampcamerafree,David Kunde,I would like if theres an option to take motion photos in the app,5,,,,
926,com.jeyluta.timestampcamerafree,M sagheer Shabir,Good for use and a good reminder,5,,,,
927,com.jeyluta.timestampcamerafree,Ayman Ahmad,ŸÖŸÖÿ™ÿßÿ≤,5,,,,
928,com.jeyluta.timestampcamerafree,octaviano langi,"No problem, 5 stars",5,,,,
929,com.jeyluta.timestampcamerafree,anitha Bhat,Good,3,,,,
930,com.jeyluta.timestampcamerafree,Sunil Parit,Excellent,5,,,,
931,com.jeyluta.timestampcamerafree,Ruth Queirolo,Great app. No probles,5,,,,
932,com.jeyluta.timestampcamerafree,Arsat Bacho,Awesome,5,,,,
933,com.jeyluta.timestampcamerafree,santhosh pappachan,Good,5,,,,
934,com.jeyluta.timestampcamerafree,Putera Tengku Hisyam,üëç,5,,,,
935,com.jeyluta.timestampcamerafree,Joylyn Mensorado,Astig,5,,,,
936,com.jeyluta.timestampcamerafree,Stefan Catalin Matei,Brilliant app,5,,,,
937,com.jeyluta.timestampcamerafree,Faljit Karmakar,Nice,2,,,,
938,com.jeyluta.timestampcamerafree,sandy srinadh,Excellent,5,,,,
939,com.jeyluta.timestampcamerafree,langa moyo,Excellent,5,,,,
940,com.jeyluta.timestampcamerafree,Prasenjit Dhara,Its not supported to my phone,1,,,,
941,com.jeyluta.timestampcamerafree,Danesius Martin,Very helpful,5,,,,
942,com.jeyluta.timestampcamerafree,DaWawn Orr,üëçüèø,5,,,,
943,com.jeyluta.timestampcamerafree,vinod kataria,Good,5,,,,
944,com.jeyluta.timestampcamerafree,Fahmi Anwar,Stopped displaying location and coordinates somehow. I checked the permission and my phone already allowed location for this app. Not sure what's wrong.,3,,,,
945,com.jeyluta.timestampcamerafree,Rashid Naseem,Like it as pictures are more informative.,5,,,,
946,com.jeyluta.timestampcamerafree,Cocalicious Harrison,IT DOESN'T ADD THE DATE ON THE PICTURE,1,,,,
947,com.jeyluta.timestampcamerafree,TAPAS KAR,Nice app,3,,,,
948,com.jeyluta.timestampcamerafree,Asim,Good to remember the dates and time of our moments,5,,,,
949,com.jeyluta.timestampcamerafree,Anitha Opil,Fk,5,,,,
950,com.jeyluta.timestampcamerafree,Heena Sharma,Wonderful experience,5,,,,
951,com.jeyluta.timestampcamerafree,latest videos,Dff,4,,,,
952,com.jeyluta.timestampcamerafree,Nirmala Dinarj,Nice app,5,,,,
953,com.jeyluta.timestampcamerafree,ASH KUKADIYA,Nice,5,,,,
954,com.jeyluta.timestampcamerafree,Harry Yong,Good,5,,,,
955,com.jeyluta.timestampcamerafree,sunil kumar Pradhan,Good,5,,,,
956,com.jeyluta.timestampcamerafree,ahmed postman,Excellent,5,,,,
957,com.jeyluta.timestampcamerafree,Hemal L,Very useful app to take date time location stamped photos.,5,,,,
958,com.jeyluta.timestampcamerafree,drdv barathe,Good n easy,5,,,,
959,com.jeyluta.timestampcamerafree,Godwin Ikhena,Indeed the app is performing to my expectation.,5,,,,
960,com.jeyluta.timestampcamerafree,shaikh Zahur,Better,3,,,,
961,com.jeyluta.timestampcamerafree,Atif Khan,Very useful,5,,,,
962,com.jeyluta.timestampcamerafree,R Braga Dasya Ditama,"Very good, helped me. The ads doesn't disturbing me.",5,,,,
963,com.jeyluta.timestampcamerafree,digambar Durke,Best,5,,,,
964,com.jeyluta.timestampcamerafree,dugyani chandu,I love it,5,,,,
965,com.jeyluta.timestampcamerafree,Brian Mutugi,Perfect,5,,,,
966,com.jeyluta.timestampcamerafree,Rajesh Chaudhari,So use full in business,5,,,,
967,com.jeyluta.timestampcamerafree,Taufeeq haider,OSM,5,,,,
968,com.jeyluta.timestampcamerafree,Pazil Boss,Super,5,,,,
969,com.jeyluta.timestampcamerafree,Michael Martin,90% of Travis Scott the exact address where I'm at it is very important for my job,5,,,,
970,com.jeyluta.timestampcamerafree,Joseph Malang,Vuugy,5,,,,
971,com.jeyluta.timestampcamerafree,Paul Moss,"Brilliant app, works amazingly",5,,,,
972,com.jeyluta.timestampcamerafree,Dan Marwein,Excellent,5,,,,
973,com.jeyluta.timestampcamerafree,Nicholas Guerrero,üõ∞Ô∏èüõ∞Ô∏èsiTes.TogeTher.minimizerüõ∞Ô∏èüõ∞Ô∏è,5,,,,
974,com.jeyluta.timestampcamerafree,Charlie Lee,Need mic and location permission,1,,,,
975,com.jeyluta.timestampcamerafree,Trymore Magorimbo,I hate the ads that comes every second,5,,,,
976,com.jeyluta.timestampcamerafree,MUHAMMAD NOORHAFIZ BIN NOORDIN,Sometimes the location displayed is not accurate,4,,,,
977,com.jeyluta.timestampcamerafree,Knox Shattar,Is working perfectly for me,4,,,,
978,com.jeyluta.timestampcamerafree,Deewasnari Muddat,Great Apps!,5,,,,
979,com.jeyluta.timestampcamerafree,JoAb,Easy to use,4,,,,
980,com.jeyluta.timestampcamerafree,Uttam kumar,"Perfect geo,but sometimes invisible",4,,,,
981,com.jeyluta.timestampcamerafree,Sujan Moni Barbhuiya,Smb,5,,,,
982,com.jeyluta.timestampcamerafree,Finan Kinan,Nice,5,,,,
983,com.jeyluta.timestampcamerafree,Manoj Kumar Gurjar,Nice,5,,,,
984,com.jeyluta.timestampcamerafree,Shiva Kumar,So many times pictures total blur,1,,,,
985,com.jeyluta.timestampcamerafree,Sunny Palma,Very good,5,,,,
986,com.jeyluta.timestampcamerafree,armando sarmiento,It's good because time.date and Location is provided..,5,,,,
987,com.jeyluta.timestampcamerafree,akash singh,App link,5,,,,
988,com.jeyluta.timestampcamerafree,Don Acosta,"Please allow this app to work in the background. For security purposes, we may want to record something with a timestamp on it, but descretely since it could be dangerous if the person knows.",3,,,,
989,com.jeyluta.timestampcamerafree,CHANDER PARKASH,"Evertime I open this app, It closes automatically within a second. Plz resolve this issue",1,,,,
990,com.jeyluta.timestampcamerafree,Shekh Chatok,sk.chatok,5,,,,
991,com.jeyluta.timestampcamerafree,Elkanah Bulus,"Nice app. But, what is wrong? anytime i want to switch to mirrow view, it will not respond and once in a while, it will respond. Pls, can you fix it, i prefer mirrow view when taking selfies.",4,,,,
992,com.jeyluta.timestampcamerafree,Jessica Heikes,Nice. I use it for my delivery gigs,5,,,,
993,com.jeyluta.timestampcamerafree,Ravinder Goyal,"Good, very good",4,,,,
994,com.jeyluta.timestampcamerafree,Surya Sunamee,Super super,5,,,,
995,com.jeyluta.timestampcamerafree,POSSAYYA RODDA,Very nice,4,,,,
996,com.jeyluta.timestampcamerafree,nisha crafts,Perfect...,5,,,,
997,com.jeyluta.timestampcamerafree,DatoJimy DatoJimy,good,5,,,,
998,com.jeyluta.timestampcamerafree,Ankit sen,Good,5,,,,
