,Package Name,Reviewer Name,Review,Rating
0,com.dozingcatsoftware.cameratimer,Sheena Faye,"I almost liked it. It got the job done I needed. But then I went to go look at all the pictures I took and found that only about a third were actually able to be seen. The rest were juss gray squares, even though the details showed it should've been a picture. Kind of bummed me out because I can't recreate those pictures.",2
1,com.dozingcatsoftware.cameratimer,Dre T,Bruhh,5
2,com.dozingcatsoftware.cameratimer,Roberto Martinez,Good,5
3,com.dozingcatsoftware.cameratimer,Richard G Barnett,Ok,4
4,com.dozingcatsoftware.cameratimer,Pavel T rLD,Merita cel mult o stea üåü  mai ce tel nare sel tim »ôi nici mƒÉcar nare setƒÉri pur »ôi simplu faci doar poze fƒÉrƒÉ sa mai po»õi face efect,1
5,com.dozingcatsoftware.cameratimer,Deva Chandra,Membantu,3
6,com.dozingcatsoftware.cameratimer,kiana kwashnik,Great app I love it nice camera too maybe u could add an fx thing that edits the picture too thnks bye,5
7,com.dozingcatsoftware.cameratimer,Mihai Kaszab,Useless don't bother can't focus,1
8,com.dozingcatsoftware.cameratimer,ÿπÿ≤ÿßŸÖ ÿßŸÑÿ≤ŸàŸÖ,Great app,5
9,com.dozingcatsoftware.cameratimer,ty king,Does not work,1
10,com.dozingcatsoftware.cameratimer,Elizabeth Vasquez,Pictures came out very bad quality.,1
11,com.dozingcatsoftware.cameratimer,Dark Vctry,"Does exactly as it says, 5 out of 5 no issues",5
12,com.dozingcatsoftware.cameratimer,Clark Tagalog,its ok,3
13,com.dozingcatsoftware.cameratimer,Alejandra Martinez,Bad front camera quality,1
14,com.dozingcatsoftware.cameratimer,Abdul Rehman,Good one,4
15,com.dozingcatsoftware.cameratimer,Andrei Guttmann,"just why on earth can't you set this to 4, 6, 10, 11, 20 or any seconds ? 5, 15, 30 ? really ? why ? and then stop at max 4 pics ?   I could use this to scan a book and it could take a picture every 3 seconds i need to flip a page 46 times. right now i can't.",1
16,com.dozingcatsoftware.cameratimer,Cassondra Cochran,It really works,5
17,com.dozingcatsoftware.cameratimer,Pravallika Tanuku,is this app  is useful for the mobiles which are having no front camera ?,2
18,com.dozingcatsoftware.cameratimer,Alicia Hastings,"AFTER PAYING FOR THE APP. It doesn't let you share pictures.  It tells you that you need to have a Dropbox but it never connects. It's under ""development"" and it never gets developed.",1
19,com.dozingcatsoftware.cameratimer,N.,Really cool üòä,5
20,com.dozingcatsoftware.cameratimer,Sofian Kluang,Best,5
21,com.dozingcatsoftware.cameratimer,Lysseh Taylor,Super low res quality. Not a fan of that. It's lower quality than the regular camera on my phone.,1
22,com.dozingcatsoftware.cameratimer,vivek savaliya,Worst 0 Star,3
23,com.dozingcatsoftware.cameratimer,Emilio Larrazabal,I don't like how you can't remove the beep sound for counting down,2
24,com.dozingcatsoftware.cameratimer,Makiyra Mitchell,The Best,5
25,com.dozingcatsoftware.cameratimer,Tay Williams,I didn't even have to let my brother take my picture,2
26,com.dozingcatsoftware.cameratimer,Rick Barnett,Timer works perfectly. Beautiful clear pics.,5
27,com.dozingcatsoftware.cameratimer,maryam qureshi,Ada Lara 15 secs is fi,5
28,com.dozingcatsoftware.cameratimer,Allyn Hane,Pics won't save (dropbox says there are too many users!) and only takes one shot at a time.  Doesn't always flash when flash is turned on.  This app is way too buggy.  Wish I could get my 3 bucks back,1
29,com.dozingcatsoftware.cameratimer,Charles Parrott,Stinks!,1
30,com.dozingcatsoftware.cameratimer,Ron Stillman,How do I transfer the photos or email them takes great pictures just can't do anything with them,3
31,com.dozingcatsoftware.cameratimer,Danny Devonshire,This app is amazing for selfie sticks,5
32,com.dozingcatsoftware.cameratimer,ical azis,Good,5
33,com.dozingcatsoftware.cameratimer,Essence Eunique,Now I can take better pictures!!! If u r reading this get it!!!!,5
34,com.dozingcatsoftware.cameratimer,Jedi Pat,I love the different time options and multiple pic tabs.,5
35,com.dozingcatsoftware.cameratimer,Kristina Vincent,Took the pic them tried to share. Saw the photo then app said - you have not taken any photos. Boo :(,1
36,com.dozingcatsoftware.cameratimer,Lexi Salazar,"Do not download, distorts all pictures!",1
37,com.dozingcatsoftware.cameratimer,Kate Ring,Bruh,5
38,com.dozingcatsoftware.cameratimer,Mya Scott,Pop,5
39,com.dozingcatsoftware.cameratimer,Derrick Salabao,perfect for my selfi while doing my painting,5
40,com.dozingcatsoftware.cameratimer,Liam Sexton,Works great. It could be a little better by making a longer timer,5
41,com.dozingcatsoftware.cameratimer,Amira Shahid,Text. Me,3
42,com.dozingcatsoftware.cameratimer,HP Royalty,Horrible app don't get!!!,1
43,com.dozingcatsoftware.cameratimer,A Google user,dose nor work,1
44,com.dozingcatsoftware.cameratimer,Jia Jun Ng,it free,3
45,com.dozingcatsoftware.cameratimer,Hammad Qamar,my sister and my cozen like selfi pic I like same,5
46,com.dozingcatsoftware.cameratimer,Elyse Barker,I love the app it's a great way to time photo's,5
47,com.dozingcatsoftware.cameratimer,Vishwadeep Chikate,Very  boring app,5
48,com.dozingcatsoftware.cameratimer,mehmud butt,Very nice,5
49,com.dozingcatsoftware.cameratimer,Harvey Lane,Usable,3
50,com.dozingcatsoftware.cameratimer,Victoria Mitchell,Ok,5
51,com.dozingcatsoftware.cameratimer,Ryan Levy,Ive taken photos on this and tried it 100 times. Wont save the photos and just crashes. Cant get 1 photo. Galaxy 3,1
52,com.dozingcatsoftware.cameratimer,Alyssa Glover,Could use some things,3
53,com.dozingcatsoftware.cameratimer,Aman Ullah,Good.,5
54,com.dozingcatsoftware.cameratimer,Jose Diaz,I loved this app it helped me when I needed it the most,5
55,com.dozingcatsoftware.cameratimer,Emily Zakoor,"Screen doesn't rotate, only stays on landscape. Too many ads on the side as well",3
56,com.dozingcatsoftware.cameratimer,A Google user,Self timer ini sangat berguna untuk foto diri sendiri sambil action...,4
57,com.dozingcatsoftware.cameratimer,Surya Pradeep,Nice app,5
58,com.dozingcatsoftware.cameratimer,kanz ul emaan siddiqui,Good,5
59,com.dozingcatsoftware.cameratimer,Trippy C,So your arm doesn't have to be in the selfie anymore,5
60,com.dozingcatsoftware.cameratimer,Nima House,Sorry but its up side down at lease its. Something wrong with my phone. Or app just ain't working right not trying to be mean but its so bad a monkey hate it and spit on it I HATE THIS APP BYE TTYL SORRY,1
61,com.dozingcatsoftware.cameratimer,Krystin Gentry,This a awesome app. The flash works after a few seconds ams plus it focuses once it takes the picture.,5
62,com.dozingcatsoftware.cameratimer,Kitty Mck,It see.s like good app  but don't get it if you don't have a front camera,3
63,com.dozingcatsoftware.cameratimer,Dianaliz Rosado,I really love it,5
64,com.dozingcatsoftware.cameratimer,Jennifer Tenorio,I love this app because its fun.,5
65,com.dozingcatsoftware.cameratimer,lindsey olsen,Can upload pictures to drop box . Can u guys please   use the Dropbox API App Console to apply for production status. Because I paid for the app and it's pointless if I can't retrieve my photos,2
66,com.dozingcatsoftware.cameratimer,Adina Barbie,I like it,5
67,com.dozingcatsoftware.cameratimer,rajh aba,Very naicely,1
68,com.dozingcatsoftware.cameratimer,Yesenia G,I usually rate stuff three or more has a few issues and makes a loud beeping sound :(,2
69,com.dozingcatsoftware.cameratimer,Jamie Tran,Horrible,1
70,com.dozingcatsoftware.cameratimer,linda donovan,Great app,5
71,com.dozingcatsoftware.cameratimer,Katherine Misher,Love it was a lot helpful,5
72,com.dozingcatsoftware.cameratimer,Oviya Oviya,Simply superb,5
73,com.dozingcatsoftware.cameratimer,subir goswami,Fine u deserve,5
74,com.dozingcatsoftware.cameratimer,Eva Cahaya,"Enjoyed selfie,, I like this app",4
75,com.dozingcatsoftware.cameratimer,Catherine Mcgrath,Brilll just cant get my pictures off?!  But hopein ill sort it out..  Great for family pixs really loven it,4
76,com.dozingcatsoftware.cameratimer,kayla lindsay,It comes out blurry and the quality sucks,1
77,com.dozingcatsoftware.cameratimer,vineet gaur,"Dnt dwnld it,,  it get stuck",2
78,com.dozingcatsoftware.cameratimer,Jebbeh G.kollie,It's OK,3
79,com.dozingcatsoftware.cameratimer,Damond Ford,"It does what it needs to do, take photos with extended timers. But it flips the photos.",3
80,com.dozingcatsoftware.cameratimer,Jennifer Lesher,"Love it, it take extremely great quality pictures its bae",5
81,com.dozingcatsoftware.cameratimer,Olivia Nunez,Wow I love it no pb with it u should get it (no haters) üò≠üò≠üëåüëåüëåüëåüëå,5
82,com.dozingcatsoftware.cameratimer,Aida Alarcon,"Great, does everything I need it to do",5
83,com.dozingcatsoftware.cameratimer,Keshab Skills,I like this camera .,5
84,com.dozingcatsoftware.cameratimer,Hosanna Orridge,Ultimate selfie,5
85,com.dozingcatsoftware.cameratimer,Juliet Omandac,It makes me feel very happy,5
86,com.dozingcatsoftware.cameratimer,Jeyna P.,"For the most part,  this app is great. I have an odd issue though. Until I open the pictures to the full size,  the thumbnail is completely distorted and scrambled. The timer also beeps, but then there's still several seconds until the picture is taken. If those two things were fixed it would be a 5 star app.",4
87,com.dozingcatsoftware.cameratimer,Teresa Cline,You have got to get this app best camera timer app yet,5
88,com.dozingcatsoftware.cameratimer,Jomy Evolution,Great app. Has what is needed. Functionality,5
89,com.dozingcatsoftware.cameratimer,Michelle Orozco,And it only lets me save 5 pictures..üòí,2
90,com.dozingcatsoftware.cameratimer,Zoriah Taylor,Love it,5
91,com.dozingcatsoftware.cameratimer,Marc Parco,I love it,5
92,com.dozingcatsoftware.cameratimer,Justien Ferriantina,Nice app,5
93,com.dozingcatsoftware.cameratimer,Cameron A,"Downloaded it many times and for some reason on 4 different phones Vodafone smart 4 power,Samsung galaxy s5 HTC m8 and Sony xperia m2 the first photo is fine then every photo after it makes it really small and distorted doesn't matter if you reinstalled it or not still does it no idea why what a load of crap won't be installed again.",1
94,com.dozingcatsoftware.cameratimer,Leonardo Izon,Good,4
95,com.dozingcatsoftware.cameratimer,Haliegh Walker,In love for someone who takes a lot of selfies this comes in handyüíúüíû,5
96,com.dozingcatsoftware.cameratimer,Scott Geddis,"Got it to use with a Selfie Stick, a telescoping stick that's holds your phone 3 feet away.  Works great.",4
97,com.dozingcatsoftware.cameratimer,Michael Thompson,Ya know most cameras dont have timers and this app helps get the shots you acually want not having to delete and try again thats to frustrating i know myself have takin pic after pic till the pic has been so built up you say forget it this app will definitely help your inner photographer,5
98,com.dozingcatsoftware.cameratimer,Hana Satar,Uninstall,1
99,com.dozingcatsoftware.cameratimer,Lore Perez,(;,5
100,com.dozingcatsoftware.cameratimer,Saikat Samadder,"I love this app. For those frnds who rate this low for they cant share pics - guys Just find it on your SD card a folder named ""Camera Timer"" then you get your pic there bt don't use the thumbnails folder's.    ;)  keep clicking",5
101,com.dozingcatsoftware.cameratimer,ibra 412,Bis seydi,1
102,com.dozingcatsoftware.cameratimer,A Google user,i really love selfie moment .,5
103,com.dozingcatsoftware.cameratimer,Baby Bear,Cool,5
104,com.dozingcatsoftware.cameratimer,Peyton Carter,Will not install,1
105,com.dozingcatsoftware.cameratimer,India C,Cool,5
106,com.dozingcatsoftware.cameratimer,A Google user,Yaho,5
107,com.dozingcatsoftware.cameratimer,Nur Alia Bt Ismail,hated it .,1
108,com.dozingcatsoftware.cameratimer,Lay Layy,Its amazing app,5
109,com.dozingcatsoftware.cameratimer,Audrey Vega,I loved it so great wonderful,5
110,com.dozingcatsoftware.cameratimer,Takesan Rc90,"Don't have mani options, this is basic app.",1
111,com.dozingcatsoftware.cameratimer,Betty Josia,Ni nzur sana,4
112,com.dozingcatsoftware.cameratimer,J H,Took payment but wouldn't let me share pucs taken . Utter crap,1
113,com.dozingcatsoftware.cameratimer,Mark Anthony,trying to....,5
114,com.dozingcatsoftware.cameratimer,joy datul,Good apps,4
115,com.dozingcatsoftware.cameratimer,Elizabeth Nelson,Needs more time,3
116,com.dozingcatsoftware.cameratimer,Kim Leyva 22,It's a good camera with a timer but super loud when counting down. You're not always trying to announce when you're taking a picture. I would rate it higher if they gave the option to silence it. Other than that it's good.,2
117,com.dozingcatsoftware.cameratimer,Alaina Ingle,I like pictures from afar so this is great üëå,5
118,com.dozingcatsoftware.cameratimer,Neil Landers,This has worked flawlessly on my motox. I like how there are multiple timer settings to tweak.,4
119,com.dozingcatsoftware.cameratimer,Netressa Seo,&lt;3,5
120,com.dozingcatsoftware.cameratimer,Refused Debater,.o.o.,1
121,com.dozingcatsoftware.cameratimer,Ben Johnson,Great app does what I need it to,5
122,com.dozingcatsoftware.cameratimer,Katelyn Crothers,Good,4
123,com.dozingcatsoftware.cameratimer,Sophie Stocker,Its a very good app but it should tell you when its going to take the photos. Please make this edit and I will tell my friends about this app and give it five stars.,4
124,com.dozingcatsoftware.cameratimer,Biswash Chaurasia,Very useful for selfies,5
125,com.dozingcatsoftware.cameratimer,reignbow bright,Is there any way to pay to remove the ads?,5
126,com.dozingcatsoftware.cameratimer,Andranius Rexus,It works fine but there is no settings menu and you have to exit via the Info page... Stupid. You need to be able to exit straight from the camera. My home button on my Motorola is not available unless i go to the info page.,3
127,com.dozingcatsoftware.cameratimer,ky hoang,Cant save pics?! Wtf is the point? Smh,1
128,com.dozingcatsoftware.cameratimer,Jamie Buckland,"This app won't let you save your pictures, and more often than not results in thumbnail sizes pictures. It also makes a ridiculous noise counting down from 3, and is incredibly dysfunctional. Wouldn't recommend!",1
129,com.dozingcatsoftware.cameratimer,Eleonna Mcmillian,Its fun,5
130,com.dozingcatsoftware.cameratimer,Hassan Sadi,It's nice and It's my first time,4
131,com.dozingcatsoftware.cameratimer,Rach McD,It was good but the switch camera button isn't there anymore please fix this,2
132,com.dozingcatsoftware.cameratimer,diksha khatri,It is taking awesome pics.....5 stars.... Muuaaahhhh.....,5
133,com.dozingcatsoftware.cameratimer,Caitlin C,"This app is absolutely disgusting. I am appalled. Trusting that at worst it would take pictures and I could take a lot and hopefully get some good ones, I did just that. I took a lot of pictures and there were a lot of good ones. Then afterwards I wanted to go through what I had taken and am shocked to find out its only the first 3 that are normal and full sized. After that they are all small thumb nails only and Dropbox doesn't work. I bought it hoping it would let me access the full pictures and no.",1
134,com.dozingcatsoftware.cameratimer,Zanif Nor Akmal,La,5
135,com.dozingcatsoftware.cameratimer,Chandra White,I love this app!!!!!!!!,5
136,com.dozingcatsoftware.cameratimer,darsh chaudhari,It is very simplistic....!!!!,4
137,com.dozingcatsoftware.cameratimer,Desiree Desjardins,"Wouldn't take pictures, it would freeze my phone and it just wouldn't work.",1
138,com.dozingcatsoftware.cameratimer,Freddie Lopez,Junk,1
139,com.dozingcatsoftware.cameratimer,Lizzie Marie,"Should add more multiple pictures options. Other than that I like. Not crazy over it but its "" OK "" .",3
140,com.dozingcatsoftware.cameratimer,Sherrell Doby,Paid $3 for an app that doesn't work. Try to take photos & get an error saving photos. Don't waste your money.,1
141,com.dozingcatsoftware.cameratimer,Benny Darmadi,Easy and nice pic,5
142,com.dozingcatsoftware.cameratimer,Ari spoor,Luv it,5
143,com.dozingcatsoftware.cameratimer,Alyssa Bankston,Best thing ever,5
144,com.dozingcatsoftware.cameratimer,Dj Beast,Good,3
145,com.dozingcatsoftware.cameratimer,Rodger Moore,Um...waste of time,1
146,com.dozingcatsoftware.cameratimer,jackson canuto,it could be much better than other camera apps,4
147,com.dozingcatsoftware.cameratimer,Bayu Bije,Small application that does not burden the RAM is very mild . Input for you : Number countdown BIG and good color WHITE LETTERS Great ( which is now too small ). Thx,5
148,com.dozingcatsoftware.cameratimer,Janhvi Shah,Amazing!!!,5
149,com.dozingcatsoftware.cameratimer,Anything That's enjoyable,It's really good have no problem with it I love it ‚ù§,5
150,com.dozingcatsoftware.cameratimer,Ajai kumar s,Ea,5
151,com.dozingcatsoftware.cameratimer,Romeo Misoles,Injoy it,5
152,com.dozingcatsoftware.cameratimer,Ashley Robinson,Like it a lot....,4
153,com.dozingcatsoftware.cameratimer,Riade Uv,"I want a girlfriend..pls help now google,",5
154,com.dozingcatsoftware.cameratimer,Ericka Sanchez,Does what i need so far !!,4
155,com.dozingcatsoftware.cameratimer,Jonathan Smith,I hate this app,1
156,com.dozingcatsoftware.cameratimer,Miriam W.,"It took 3 pics well and then started only taking small pictures (like thumbnail size). Also, a settings menu would be nice, I feel like this app is trying to make its user interface nice and easy, but by doing so is missing some good features! If they remove some glitches and add some settings it'd be ok. The ads aren't even too bad, very bearable.",2
157,com.dozingcatsoftware.cameratimer,Maryjane Calderon,It's good it's just the beep noise is to annoying. But after all it's still good!!,4
158,com.dozingcatsoftware.cameratimer,Samantha Lucio,Its good,5
159,com.dozingcatsoftware.cameratimer,Shaughn Mitchell,Crashed 3 times before I even used it,1
160,com.dozingcatsoftware.cameratimer,A Google user,So Nice,5
161,com.dozingcatsoftware.cameratimer,Judy Simpson,Judy simpson,5
162,com.dozingcatsoftware.cameratimer,Raymond T,Kept getting error codes and freezing. Good concept tho for Dropbox cloud,2
163,com.dozingcatsoftware.cameratimer,Jimrel Pamaus,"For me,its nice for selfies full style",5
164,com.dozingcatsoftware.cameratimer,Rhon Hammer,"Full of pop ups,, am trying to take pictures here... Don't need to see advertising when trying to photograph important things",2
165,com.dozingcatsoftware.cameratimer,Darmawan Putro,Really like it..,4
166,com.dozingcatsoftware.cameratimer,cheese Hats,Photos were too small to even use. Androids built in timer works better,1
167,com.dozingcatsoftware.cameratimer,Olive Gorgonzola,"Can't turn the screen, can't exit unless you take a photo. Not the best camera app.",2
168,com.dozingcatsoftware.cameratimer,Jerry Karundeng,Ok,1
169,com.dozingcatsoftware.cameratimer,Tony Mccoy,Works great and the pictures are nice and clear.,5
170,com.dozingcatsoftware.cameratimer,Stephanie Peachy,Love the timer,5
171,com.dozingcatsoftware.cameratimer,Nurse Elixir,I can't share my pictures. I paid for the darn thing to link to my Dropbox and it gives me an error message telling me only a certain among of users can do this while development wtf! Can I have my mind money back!!,1
172,com.dozingcatsoftware.cameratimer,Athirah Ira,Good camera...,5
173,com.dozingcatsoftware.cameratimer,Dian Arieska,Nice app,5
174,com.dozingcatsoftware.cameratimer,chiang cheng,Looks good on.trial shots.,4
175,com.dozingcatsoftware.cameratimer,Kailynn Pate,I love the app.,4
176,com.dozingcatsoftware.cameratimer,Adrian Baker,"I love how it can adjust to the cameras speed instead of making it's own, plus it little space taking",5
177,com.dozingcatsoftware.cameratimer,Fred Morgan,"Not very good on time selections 5,15 or 30 sec.  Also very small countdown...",3
178,com.dozingcatsoftware.cameratimer,Vonia McClain,Great application!,5
179,com.dozingcatsoftware.cameratimer,athirah syazana,wow...!!!,5
180,com.dozingcatsoftware.cameratimer,edmer nonato,like,4
181,com.dozingcatsoftware.cameratimer,Izzy makin,It's OK I guess but the annoying thing is it has really bad quality and it only takes pictures when your phone is landscape. üí©,2
182,com.dozingcatsoftware.cameratimer,Ayofe Aderemi,This is a very good app. Highly recommended. Pls download.,5
183,com.dozingcatsoftware.cameratimer,Amanda Hulley,Very good,5
184,com.dozingcatsoftware.cameratimer,Anang Nurrahmat,Nice app,4
185,com.dozingcatsoftware.cameratimer,Sarah Johnson,"What the point of the app if you can't share it or save it outside the app? I get trying to get people to go premium, but this is ridiculous.",1
186,com.dozingcatsoftware.cameratimer,Tito Joseph,God,5
187,com.dozingcatsoftware.cameratimer,Mohamed Farook,Good team work,5
188,com.dozingcatsoftware.cameratimer,Stephen Baum,"The app makes a sequence of loud beeps as it approaches the end of the timer. I want an app that gives me time to steady the phone after touching the shutter button, and does so silently.",1
189,com.dozingcatsoftware.cameratimer,Mary Murphy,I love this app .                                                         bye üòÄ,5
190,com.dozingcatsoftware.cameratimer,Sohan Dodiya,Jakas,5
191,com.dozingcatsoftware.cameratimer,Michaela Fowler,Horrible focus,1
192,com.dozingcatsoftware.cameratimer,Larry Burke,it a great camera  trust me,4
193,com.dozingcatsoftware.cameratimer,Tres Palmer,What can I say? It's a timer and it works. It allows me to take the better quality selfie of my regular camera as opposed to the front facing camera. I also like the four pictures function and the option to instantly delete any unwanted photos.,4
194,com.dozingcatsoftware.cameratimer,Savanna Danyel,This is a good app you could put it on 30minutes or 15 its cool,5
195,com.dozingcatsoftware.cameratimer,PJ Kickey,very like,5
196,com.dozingcatsoftware.cameratimer,Stella Was A Diver,"The pictures I take have icons on thems, like the delete garbage icon, how do I remove them from my pictures,  inpaod for the full app amd it was better when i had the free version. Its a waste of money.",1
197,com.dozingcatsoftware.cameratimer,Henki Fds,Kurang fitur dan fasilitas editor foto.,3
198,com.dozingcatsoftware.cameratimer,Wesly Tadipa,Nice! But why there is an advertisement to play?,3
199,com.dozingcatsoftware.cameratimer,Liz Holcomb,The timer could be larger. Otherwise a very nice camera timer.,4
200,com.dozingcatsoftware.cameratimer,raj ghogre,Nice app,5
201,com.dozingcatsoftware.cameratimer,bibhuti Shah,It is an awesome app!!!,5
202,com.dozingcatsoftware.cameratimer,Rick Brewer,This app will not sync with my gallery or with Dropbox. I have the Motorola Droid Turbo. Perhaps this app is not compatible.,2
203,com.dozingcatsoftware.cameratimer,Desarae Burke,I like it except that the pics turn out crappy,2
204,com.dozingcatsoftware.cameratimer,Teddy Purba,"Need more times,more shutter sound maybe,.",3
205,com.dozingcatsoftware.cameratimer,Meya D,Flash doesn't work,2
206,com.dozingcatsoftware.cameratimer,David Drake,It works as advertised! A fun little app.,5
207,com.dozingcatsoftware.cameratimer,Karissa Martindale,Great for intended purpose,5
208,com.dozingcatsoftware.cameratimer,siroos zokaei,Yes,5
209,com.dozingcatsoftware.cameratimer,Stephanie Hopper,Easy to use,5
210,com.dozingcatsoftware.cameratimer,Paige Bryant,I hated it and did not even think what it was and that app is so dumb,1
211,com.dozingcatsoftware.cameratimer,Jack Mager,Waste of my money. Can't save or share pictures. And dropbox sync does not work. Junk!!,1
212,com.dozingcatsoftware.cameratimer,Luis Orozco,Great app,5
213,com.dozingcatsoftware.cameratimer,Anastasia Scott,Great picture app,5
214,com.dozingcatsoftware.cameratimer,Mia Cafaro,This really helps me if I wanna take a pic if my whole body...üòÉ,5
215,com.dozingcatsoftware.cameratimer,Mind of Mesha Latrae,"I like the features of it, nice work",5
216,com.dozingcatsoftware.cameratimer,Katelyn Jackson,It took up alot if ny gigs but other than that it was ok i just uninstalled it feom ny apps could of been a little bit better.................. and if any one has to say abything about my comment i will be glad to hear it if you agree or disagree thanjs google play!,3
217,com.dozingcatsoftware.cameratimer,Andrrew Berenyi,No video timer and no countdown tones,3
218,com.dozingcatsoftware.cameratimer,KaylaAshley Jackson,This sucks,1
219,com.dozingcatsoftware.cameratimer,Shahkram Leila,Gr3at,3
220,com.dozingcatsoftware.cameratimer,kanheya jha,Cantankerous,1
221,com.dozingcatsoftware.cameratimer,Shiffon Carroll,Takes up to much space,1
222,com.dozingcatsoftware.cameratimer,Tanyia Hollins,I just got this app recently and I already love it. Its fun to take pics with the timer because you might start doing something then it takes an off guard pic. Loved it,5
223,com.dozingcatsoftware.cameratimer,Vic,Very good app,4
224,com.dozingcatsoftware.cameratimer,Aaron Morgan Aaron,Download very late. oppo n7,1
225,com.dozingcatsoftware.cameratimer,helloimabigfat _jellydonut,I love this app... Because I love meeeeee!!!!,5
226,com.dozingcatsoftware.cameratimer,A Google user,Good for being used with tongsis tongkat narsis,5
227,com.dozingcatsoftware.cameratimer,A Google user,Super ganda n2,5
228,com.dozingcatsoftware.cameratimer,dwayne moore,Like,5
229,com.dozingcatsoftware.cameratimer,Cobie Miller,I love this app so much,5
230,com.dozingcatsoftware.cameratimer,Ary Mercyanto,"Not bad, it's useful but need more feature just like a normal camera",3
231,com.dozingcatsoftware.cameratimer,Angela Alves,To zoom in and out for focus? I use a monopod w/ this app and I wish I have that choice to manipulate d shot like d camera on S4.,5
232,com.dozingcatsoftware.cameratimer,Therese Redera,I love it,3
233,com.dozingcatsoftware.cameratimer,Sydney Gehringer,great for if you wanna take a pic with a friend and dont have someone to take it for you it works and its a really good app and I think everyone should use it.,5
234,com.dozingcatsoftware.cameratimer,Haldon Don,Aswome,5
235,com.dozingcatsoftware.cameratimer,Thal Alva,Th best shot,5
236,com.dozingcatsoftware.cameratimer,Alice Lee,"I love using camera time ,its fun and easy to use !",5
237,com.dozingcatsoftware.cameratimer,wreda beny,Great its useful,4
238,com.dozingcatsoftware.cameratimer,Kelsey Seefluth,üëåThis is the best if you don't have apple then this is the appüëç üíñüëç,5
239,com.dozingcatsoftware.cameratimer,Claire Saul,paid for premium and can not share  photos plus gives errors,2
240,com.dozingcatsoftware.cameratimer,T C,Works like a charm!,5
241,com.dozingcatsoftware.cameratimer,sydni tylich,No,1
242,com.dozingcatsoftware.cameratimer,AL KNOCK,WHAT MORE DO YOU WANT?,5
243,com.dozingcatsoftware.cameratimer,shannon hugill,"Brilliant I ,üíñ it it worth the download helped me a lot xx",5
244,com.dozingcatsoftware.cameratimer,K. Erwin Thomas,Bought the full version to get rid of ads. Now the app crashes and it doesn't save. I want a refund.,1
245,com.dozingcatsoftware.cameratimer,A Google user,"Thanks for making it :) always need a timer when taking full body selfies on my moto x, now I've got it. A++ software too.",5
246,com.dozingcatsoftware.cameratimer,Aljohn Domingo,"very clear shots everytime i take  a picture its very clear i like it ,and very love it",5
247,com.dozingcatsoftware.cameratimer,Barry Flanagan,They are trapped in the app.,1
248,com.dozingcatsoftware.cameratimer,taylorswift fan,!!!!!‚ô°‚ô•‚ô°‚ô•,5
249,com.dozingcatsoftware.cameratimer,Rudy Gado,good job,5
250,com.dozingcatsoftware.cameratimer,Kemaurien Bishop,Love it don't hate,5
251,com.dozingcatsoftware.cameratimer,Swaty Yasss,Gooooodddd...,1
252,com.dozingcatsoftware.cameratimer,Emilyyy,Awesome,5
253,com.dozingcatsoftware.cameratimer,Mark McDaniels,Will not save pictures. Full of errors,1
254,com.dozingcatsoftware.cameratimer,Rizqo Fahlevi Arrouf,Redmi note gak ada tinernya si,5
255,com.dozingcatsoftware.cameratimer,Hailey Roberts,Loved it alot,5
256,com.dozingcatsoftware.cameratimer,Cyzo Kilar,Its awesome...,5
257,com.dozingcatsoftware.cameratimer,yaroobe M,Why i am not used before! !!!!!!!!!!!!,5
258,com.dozingcatsoftware.cameratimer,Lalit Depala,Nice app,5
259,com.dozingcatsoftware.cameratimer,Elly Sugiharto,Love it,5
260,com.dozingcatsoftware.cameratimer,sal,It is what the name said. Simple and easy to use.,5
261,com.dozingcatsoftware.cameratimer,Gabyprem 26,Mast hai..bhai,5
262,com.dozingcatsoftware.cameratimer,Tia Nagpal,Could have been better,4
263,com.dozingcatsoftware.cameratimer,Journey Aikeia,Greeeat,5
264,com.dozingcatsoftware.cameratimer,A Google user,Total waste,1
265,com.dozingcatsoftware.cameratimer,saroj gurung,nice,5
266,com.dozingcatsoftware.cameratimer,Taaj Md,Cool,5
267,com.dozingcatsoftware.cameratimer,Molly McDermott,It is sort of OK,3
268,com.dozingcatsoftware.cameratimer,Brandie Paes,It takes bad pics and then turns them upside down!!,1
269,com.dozingcatsoftware.cameratimer,Tyler Luv,"I bought the ""premium"" version and I get two errors.  One when taking a photo and another when deleting a photo.  Brand new phone.  Different camera app works fine.",1
270,com.dozingcatsoftware.cameratimer,Annemieke,"Distorted my pics, put lines through them, deleted it in about 3 min.",1
271,com.dozingcatsoftware.cameratimer,Jelen Canuel,Love this app very useful for us.,4
272,com.dozingcatsoftware.cameratimer,Ann Pacheco,More darker in the tree portion,5
273,com.dozingcatsoftware.cameratimer,Billy Tyne,Its a great app its really fun and I enjoy it but I wish it could allso tacke vidioes if it could I would give it 6 stars,4
274,com.dozingcatsoftware.cameratimer,A Google user,previous version had a billion ads and crashed every time I tried to use it... since I got an update it works as described.,4
275,com.dozingcatsoftware.cameratimer,Arrasy Aurisa,Aplikasi nya bagus tapi sayang banyak iklannya nih..,5
276,com.dozingcatsoftware.cameratimer,Gelinski yossi,Can't connect to Dropbox,1
277,com.dozingcatsoftware.cameratimer,Dawn Henry,Love it,5
278,com.dozingcatsoftware.cameratimer,roman wanasen,Jjjjjjjjj,5
279,com.dozingcatsoftware.cameratimer,William Hagood,Love it this is the best camera app yet get this if you don't have it,5
280,com.dozingcatsoftware.cameratimer,godfrey tukay,"Keep distance one to another short so that one can change position or style,one more thing increase number of short to 10.",4
281,com.dozingcatsoftware.cameratimer,Mackenzie Lewis,I put 5 second s and it didn't shot for ten,2
282,com.dozingcatsoftware.cameratimer,Myles Cordier,This app is good for timinig and taking pictures!!!! I think u should download this free app today!!!!!,3
283,com.dozingcatsoftware.cameratimer,Katie Witter,"Great!! Download it, its perfect for goofy photos!!",5
284,com.dozingcatsoftware.cameratimer,Suzanna Bro Jack,"Not bad for me but it take to long little ! -_-""",4
285,com.dozingcatsoftware.cameratimer,Elvyera Elly Domin Domin,Wow,4
286,com.dozingcatsoftware.cameratimer,Susan Regan,Omg it tock a pic wen my litter sis was    picking her nose! Omg!,3
287,com.dozingcatsoftware.cameratimer,Maree Clark,Fantastic,5
288,com.dozingcatsoftware.cameratimer,Destiny Green,Its helpful to people with only back cameras,5
289,com.dozingcatsoftware.cameratimer,rachana nayak,But timer makes noise even on silent,4
290,com.dozingcatsoftware.cameratimer,Simi Mobile,"Low, bad quality pics . not a great app",1
291,com.dozingcatsoftware.cameratimer,A Google user,The picture quality is terrible.,3
292,com.dozingcatsoftware.cameratimer,Cat Socks,App doesn't work at all.  Can't do anything. There's a bug.,1
293,com.dozingcatsoftware.cameratimer,Merylene Sturt,It's good,4
294,com.dozingcatsoftware.cameratimer,Alexandria R,Awful,1
295,com.dozingcatsoftware.cameratimer,Rey Lopez,Does what it says. Simple.,5
296,com.dozingcatsoftware.cameratimer,Jeff Sararas,"I setup a photo, and it worked, and then would only take tiny thumbnails after that. I don't get it.",1
297,com.dozingcatsoftware.cameratimer,Hannah Blevins,I love tacos ‚ô°,5
298,com.dozingcatsoftware.cameratimer,pringelsthegamefreak,"I love it, but I have one question, how do you share the photos you took? I dont know how to.",5
299,com.dozingcatsoftware.cameratimer,Ervin Rafael,awesome best app i ever had!!!!!:-),5
300,com.dozingcatsoftware.cameratimer,farham nabila,The best ap,4
301,com.dozingcatsoftware.cameratimer,Byron Bland,It takes a great full body shot it works well with my phone it's very easy to use use,4
302,com.dozingcatsoftware.cameratimer,Ada Lara,It could be better though because the numbers for the timer bigger. But besides that its pretty. Oh forgot one thing put more times for the timer. More than 15.,5
303,com.dozingcatsoftware.cameratimer,markus trax,Great nd useful,5
304,com.dozingcatsoftware.cameratimer,Yuly Jusuf,Nice,4
305,com.dozingcatsoftware.cameratimer,mary centes,Iovelygirl,5
306,com.dozingcatsoftware.cameratimer,Casey Riley,works good... lite... if it becomes capable of saving direct to my sd card you'll get the 5th star,4
307,com.dozingcatsoftware.cameratimer,A Google user,Bus,4
308,com.dozingcatsoftware.cameratimer,Urvi Shah,Avesum app,5
309,com.dozingcatsoftware.cameratimer,Chance Lekeufack,"It's cool, does what its supposed to do",4
310,com.dozingcatsoftware.cameratimer,A Google user,Thank you so much guys.,5
311,com.dozingcatsoftware.cameratimer,Michael Kelly,It froze from the first time I opened it. It's a piece of crap,1
312,com.dozingcatsoftware.cameratimer,Romonda Hooker,Ok,3
313,com.dozingcatsoftware.cameratimer,Sue McCartin,"First the icons are far too small for my old eyes.  Second it doesn't work consistently and I'd prefer a countdown timer tone, doesn't have that.",2
314,com.dozingcatsoftware.cameratimer,Ab siddik,Nice,5
315,com.dozingcatsoftware.cameratimer,bryon sparling,Very useful 4 pictures of your self from far away...:-),5
316,com.dozingcatsoftware.cameratimer,Pat Ramdhansingh,Ok ok,3
317,com.dozingcatsoftware.cameratimer,Whit Robbins,"It is a great app.  On the regular camera, you can't take a minute to do a pose but this one you can.  I love it.",1
318,com.dozingcatsoftware.cameratimer,Jennifer Murphy,I just want to know can you take w picture of your self with out having to turn your phone around cuz my phone does not have q front facing camera,5
319,com.dozingcatsoftware.cameratimer,rudy elder,It runs well,5
320,com.dozingcatsoftware.cameratimer,Tyler Morrison,Brilliant app,5
321,com.dozingcatsoftware.cameratimer,Andrew Meredith,"Umm, pay to use the photos you take? Try again... Next app.",1
322,com.dozingcatsoftware.cameratimer,Sandeep Rajor,picture quality is  very poor..,1
323,com.dozingcatsoftware.cameratimer,Angel Asis,WOW IT'S WOW,5
324,com.dozingcatsoftware.cameratimer,Farhat Jamal,I love it,5
325,com.dozingcatsoftware.cameratimer,Stephanie Ingram,"Great camera I love the timer, because I can get into my pose.",4
326,com.dozingcatsoftware.cameratimer,Joe Jafta,Very handy app,5
327,com.dozingcatsoftware.cameratimer,RiP gUt,wants access to microphone and camera....,1
328,com.dozingcatsoftware.cameratimer,Kristen Wightman,Swag üòÇ,5
329,com.dozingcatsoftware.cameratimer,Jaelyn Davis-Snow,Used it million times before great for taking pic without touching it,5
330,com.dozingcatsoftware.cameratimer,Tyrisha Jones,Good,5
331,com.dozingcatsoftware.cameratimer,valendino wahyu sanjaya,ok,5
332,com.dozingcatsoftware.cameratimer,jvkishore kumar,Wonderful,5
333,com.dozingcatsoftware.cameratimer,Manny Nakasenh,Awesome,5
334,com.dozingcatsoftware.cameratimer,Qaisara Liakat Ali,Ok...,5
335,com.dozingcatsoftware.cameratimer,Nischal Sanghavi,Good for use with selfie handle,5
336,com.dozingcatsoftware.cameratimer,Marty McMichael,Good,5
337,com.dozingcatsoftware.cameratimer,Jose Vargas,Good,5
338,com.dozingcatsoftware.cameratimer,Jordan Landriault,I love this app because this was just what I needed to take a full body pic of myself cuz I onley hav a front camera:-) five stars,5
339,com.dozingcatsoftware.cameratimer,Antsy Smith,Iiked it CA's then its not a struggle to take a picture if you want to invold your whole body,4
340,com.dozingcatsoftware.cameratimer,Leonardo Remotegue Ari√±o,"I like very much this application,I can shoot what  ever I want with me.",5
341,com.dozingcatsoftware.cameratimer,Jujux,Love it Good app ever,5
342,com.dozingcatsoftware.cameratimer,Agung Darma,It has ads!!! Can not turn back when apps are running. Dont install this one.,1
343,com.dozingcatsoftware.cameratimer,Kawthar Nader,"It works fine, but why the max is only 4 photos? sometimes the flash works sometimes it does not!",2
344,com.dozingcatsoftware.cameratimer,Angel Suralta,"Everytime I used the 4pics, it always crashed. Please fix. Thanks!",2
345,com.dozingcatsoftware.cameratimer,katiki durgaprasadu,Nice,4
346,com.dozingcatsoftware.cameratimer,Tourench dotillos,I like it,5
347,com.dozingcatsoftware.cameratimer,Aldrin Dela Gracia,two thumbs up! ;),4
348,com.dozingcatsoftware.cameratimer,Mario Donoso,Excellent,5
349,com.dozingcatsoftware.cameratimer,Pinky Pinky,i really love this app,1
350,com.dozingcatsoftware.cameratimer,Justice Ativor,Awesome,5
351,com.dozingcatsoftware.cameratimer,Julie Hope,Cool app thanx,5
352,com.dozingcatsoftware.cameratimer,solusi solusi,Good...,4
353,com.dozingcatsoftware.cameratimer,Ava M,"I was very displeased. The flash d id not go off, even when I told it to. The idea was great, but the pictures never saved. I hate it",1
354,com.dozingcatsoftware.cameratimer,Regina Wright,"It works well for me, only thing is I have to keep resetting the flash. Maybe I'm doing something wrong.",5
355,com.dozingcatsoftware.cameratimer,mota coffee,So impressedüíñ Now I don't have to get my friends to take my picture thank you for this app. I would highly recommend this to my friends and family üòä,5
356,com.dozingcatsoftware.cameratimer,Alyssa Rosadeno,Love it!!,5
357,com.dozingcatsoftware.cameratimer,cheyenne clavin,Fun for taking funny selfies and awesome instagram pics if you dont have a front camera,4
358,com.dozingcatsoftware.cameratimer,giselle figueroa,It is amazing it works brilliantly,5
359,com.dozingcatsoftware.cameratimer,Johnny Cordero,Cool app.,5
360,com.dozingcatsoftware.cameratimer,Dshawnna Turner,It works amazing! Though I'm just a kid... So it's whatever. c:,5
361,com.dozingcatsoftware.cameratimer,Megan Homes,Great,5
362,com.dozingcatsoftware.cameratimer,Jesse Canales,Love it...,5
363,com.dozingcatsoftware.cameratimer,Kirsten Baum,Awsome,5
364,com.dozingcatsoftware.cameratimer,Ghia Jilliane Francia,ILOVEIY,5
365,com.dozingcatsoftware.cameratimer,Patrick Barnett,Really nice and fun,3
366,com.dozingcatsoftware.cameratimer,Tsang Cheung,"If I take more than one photo, starting from the second photo it fails to load the high quality image",3
367,com.dozingcatsoftware.cameratimer,hoah hompimpa,I like it,5
368,com.dozingcatsoftware.cameratimer,Kaeshaun,O.K.,3
369,com.dozingcatsoftware.cameratimer,Kirsty Godden,Great app used it just to mess around just to have a bit of fun n its really good so,5
370,com.dozingcatsoftware.cameratimer,Marina Santos,Nice to have in my phone,4
371,com.dozingcatsoftware.cameratimer,Rachael G,Worst app,1
372,com.dozingcatsoftware.cameratimer,Zoran Gasic,Great,5
373,com.dozingcatsoftware.cameratimer,Reid Gross,Its great for selfies I could never get good one s til now:-) :-) :-),5
374,com.dozingcatsoftware.cameratimer,Brian Ferguson,Terrible. Avoid.,1
375,com.dozingcatsoftware.cameratimer,Niya Robinson,I hate that camera  it takes the cam out of camera,1
376,com.dozingcatsoftware.cameratimer,David Elago,It sucks,2
377,com.dozingcatsoftware.cameratimer,Sanjeev Kapoor,Gd kuuti,5
378,com.dozingcatsoftware.cameratimer,Alexis Rosado,It a junk it keeps freezing and keeps stoping,1
379,com.dozingcatsoftware.cameratimer,SummertheMermaid,Hate this,1
380,com.dozingcatsoftware.cameratimer,Michael Le,Galaxy note 3 self time is good. Thanks,4
381,com.dozingcatsoftware.cameratimer,Shamika Holloway,Great,5
382,com.dozingcatsoftware.cameratimer,Kenneth McCove,Once I took a pick it messed my flash up it doesn't work anymore,1
383,com.dozingcatsoftware.cameratimer,Mac baby,"Best app ever I would recommend u get it , it's fast, easy, and fun! It takes the best photos with great filtersüòç",5
384,com.dozingcatsoftware.cameratimer,Diarra Janae,Works Great ...best timer camera app!,5
385,com.dozingcatsoftware.cameratimer,Vic Morgan,Love it. It works perfect. Never have any trouble with this app,5
386,com.dozingcatsoftware.cameratimer,Patrick Guilfoyle,My LG Optimus G Pro is as good or better tgan this app.,1
387,com.dozingcatsoftware.cameratimer,Ly Vedan,Its good timer wise but the quality of the photos isn't very good and I wish you could do more than 4 photos,3
388,com.dozingcatsoftware.cameratimer,Juniah bt Arta,its working ! but how its just the trial version ?,5
389,com.dozingcatsoftware.cameratimer,Seth,terrible quality isnt there,1
390,com.dozingcatsoftware.cameratimer,Laila Khalilah,Love,3
391,com.dozingcatsoftware.cameratimer,Michaela Mitchell,Great!,5
392,com.dozingcatsoftware.cameratimer,Alejandro Gomez,Pictures are taken in super small size. App functions are good though,2
393,com.dozingcatsoftware.cameratimer,Jaiden Wright,This is a really great app i loved it so much and i would recommend that u get this app best pic timer app ever,5
394,com.dozingcatsoftware.cameratimer,Naomi Rogers,Awesome app I love it but I wish it was up right not sideways,5
395,com.dozingcatsoftware.cameratimer,moaz ahmed,Good application use it .it is simple and efficient,5
396,com.dozingcatsoftware.cameratimer,Sami Tyler,"It doesn't save your pictures, I don't recommend it.",2
397,com.dozingcatsoftware.cameratimer,Joe Lozpe,This is an excellent program I recommend it to everybody well done did a good job in this program I'm happy with it,5
398,com.dozingcatsoftware.cameratimer,merra nation,"Love that lol.  app an app it is dumb so thatswhy I deleted it  I hate it  dumb app I don't know why I download it but its weird and  why did thaydo that lol :/&lt;&gt;=:;,",5
399,com.dozingcatsoftware.cameratimer,Laura oliver,"It's genuinely amazing! I do gymnastics, and it's hard to take a picture on my own. Thanks for making this app! I've had no problems whatsoever üòÅüòä‚ù§Ô∏è",5
400,com.dozingcatsoftware.cameratimer,A Google user,"Beep is unbearably awful - app is now gone, after 10 secs using",1
401,com.dozingcatsoftware.cameratimer,Ronaldojie Davids,i give it a full Star because there is no problem with this app i like it üòä,5
402,com.dozingcatsoftware.cameratimer,Cindy Promzy,Gud,5
403,com.dozingcatsoftware.cameratimer,Angela Pace,Love this app,5
404,com.dozingcatsoftware.cameratimer,lia hansen,"This is super awesome app, thank u!!!",5
405,com.dozingcatsoftware.cameratimer,Firas Sabbegh,I love the beep beep hhhhhhhh,4
406,com.dozingcatsoftware.cameratimer,naveen dk,Worst application. Picture was not clear Full off blur...,1
407,com.dozingcatsoftware.cameratimer,Fenrir,It has bad quality,2
408,com.dozingcatsoftware.cameratimer,Temitope Akinwande,Nice app...,5
409,com.dozingcatsoftware.cameratimer,Megan L,I use this for my tablet and it lags a lot and it deleted all of my pictures. I had like 64 pictures and it deleted it all and there is no way I can get it back. I like taking pictures on it and I would continue to take pictures on it if my photos didn't get deleted. Please fix it!,1
410,com.dozingcatsoftware.cameratimer,L M,You can't silence that annoying beep that is the developers voice.... So crap,1
411,com.dozingcatsoftware.cameratimer,Febriani Pratiwi,very easy to use and good quality,4
412,com.dozingcatsoftware.cameratimer,Ralj Erin Gonda,High Quality!,5
413,com.dozingcatsoftware.cameratimer,Nur Haziqah,i like it.. but the 'beep' sound i dont like..,4
414,com.dozingcatsoftware.cameratimer,Fred Morgan,Still very small countdown timer... Yet better than most.,3
415,com.dozingcatsoftware.cameratimer,Jasmine,"It did exactly what it was supposed to, but now when I choose the option to snap 4 pictures, they come out really tiny...I don‚Äôt know what that‚Äôs all about.",3
416,com.dozingcatsoftware.cameratimer,Morgan Johnson,Eew,1
417,com.dozingcatsoftware.cameratimer,ginalyn ditan,:-),4
418,com.dozingcatsoftware.cameratimer,Ray Locs,Can take 4 pics at a time using front or back camera,5
419,com.dozingcatsoftware.cameratimer,Julia Bernardo,"I was trying to hold my scorpion (dance) for 30 seconds, and I did. But this camera take at least 10 seconds more time to actually take the picture!  DO NOT DOWNLOAD!!!...and does anybody know a really good camera timer app???",1
420,com.dozingcatsoftware.cameratimer,kamal chitara,I love this app its awsum yaar try it,5
421,com.dozingcatsoftware.cameratimer,Brett Reynolds,"Works great. Little glitchy at times but since it is free and works for the most part, I am thrilled. It does what it says & lets u get in the pic.",5
422,com.dozingcatsoftware.cameratimer,Jade Tagoe,Fantastic app! But I think I lowers the pic quality just a LITTLE bit. Nothing major. A musy download. Really good,4
423,com.dozingcatsoftware.cameratimer,Sara Esparza,its fast (: it takes the pics good (:,5
424,com.dozingcatsoftware.cameratimer,charisma johnson,exactly what I wanted! I just wish it could take more than 4 pictures at a time though,5
425,com.dozingcatsoftware.cameratimer,Raj esh,Love it,5
426,com.dozingcatsoftware.cameratimer,Smart Emovon,After putting on the flas for one picture i 'll have to put it onn again for another picture,3
427,com.dozingcatsoftware.cameratimer,Sudhir Kumar,just downloaded and used it.a very nice & easy to use apps.a lay man can use it easily.a video shooting option & some filters can make this least memory consuming apps as unmatched.,5
428,com.dozingcatsoftware.cameratimer,Jay Hind,"nice..nice..very nice apps,I giving 5 stars:)",5
429,com.dozingcatsoftware.cameratimer,M C,cool idea easy app to use but images look kind of distortioned and would be cool to also zoom,3
430,com.dozingcatsoftware.cameratimer,Dream,I love this so much,5
431,com.dozingcatsoftware.cameratimer,Alix Breeden,"I had this app on my samsung galaxy s3, and it worked flawlessly. However, if I try to use it on my galaxy4, it freezes after one photo is taken, and the photo looks somewhat stretched as well. Please fix this!",1
432,com.dozingcatsoftware.cameratimer,Derry Bates,I love this so much! Just download it!!!!!,5
433,com.dozingcatsoftware.cameratimer,A Google user,"Focusing is weird, maybe the phone is shaking for no reason. But still a good app. I can pretend I'm with someone now LOL",4
434,com.dozingcatsoftware.cameratimer,Mel Mel,"I love it, I just wish the quality was a little clearer, and better.",4
435,com.dozingcatsoftware.cameratimer,Tommy,"Love this app. I usually have no one around to take pictures for me, but thanks to this app my pictures don't have to show my arm awkwardly stretching out because of me holding the phone. Love it. I wish we can give 10 stars.",5
436,com.dozingcatsoftware.cameratimer,Gozaburo RoaNoa,It does what it says.,5
437,com.dozingcatsoftware.cameratimer,Elizabeth Charlesworth,I love this app. Its great for selfies !,5
438,com.dozingcatsoftware.cameratimer,J Zee,Uninstalled.... dooesnt work on g2,1
439,com.dozingcatsoftware.cameratimer,Setsuna Marie,"Using this application is okay,  especially for those Android phones with no self timer feature in cameras. But one thing that I saw annoying is the blank shots after deleting some shots from it - had to do manual delete in my gallery.",4
440,com.dozingcatsoftware.cameratimer,Paul Jr,Beeps are weird...may make you frown or smile! But it works just great.,4
441,com.dozingcatsoftware.cameratimer,Hailey B.,No complaints. It does exactly what I want it to do on my S3.,5
442,com.dozingcatsoftware.cameratimer,Laura Martinez,"I love it, it helps me alott<3",4
443,com.dozingcatsoftware.cameratimer,Wes Goodrich,That's the only issue. Uninstalling until fixed. Gonna try to find something that suits my needs better,2
444,com.dozingcatsoftware.cameratimer,Mariah Moore,"Good instagram app ""instacam""",5
445,com.dozingcatsoftware.cameratimer,Jack Kcaj,Pictures distorted and disproportioned,1
446,com.dozingcatsoftware.cameratimer,Olivia Deens,Ok,5
447,com.dozingcatsoftware.cameratimer,Elanor Riley,Took one picture then did nothing but force close,1
448,com.dozingcatsoftware.cameratimer,Tyler Lee,"I haven't found one thing wrong at all, it works great for my Motorola Motoluxe",5
449,com.dozingcatsoftware.cameratimer,Clea A,Makes the weirdest noise,2
450,com.dozingcatsoftware.cameratimer,lexii anderson,Its good just a reason i cant explain why i gave it 4 stars,4
451,com.dozingcatsoftware.cameratimer,Zakhyia Coley,Good works perfect fo my tablet download it,5
452,com.dozingcatsoftware.cameratimer,Bolroo Altangerel,I love it! Easy to use no problem!,5
453,com.dozingcatsoftware.cameratimer,Emily Smith,I just love it I set the timer then jump and it take it when I'm in the air it just so cool get it now.,5
454,com.dozingcatsoftware.cameratimer,SC Ortho RN,"Timer works great and it's a bonus that it work with the forward-facing camera. However, not fond of the inability to save a file to my gallery without going through another program. Also, files that are deleted after saving to my gallery show an error file that can't be removed.",3
455,com.dozingcatsoftware.cameratimer,Jayden Braxton,Does EXACTLY what I want it 2 do,4
456,com.dozingcatsoftware.cameratimer,A Google user,"Absolutely terrible, do not download this!",1
457,com.dozingcatsoftware.cameratimer,M TOWERS,excellent app! does a great job it is the only app i found that worked!!,5
458,com.dozingcatsoftware.cameratimer,Chris Daramouskas Giannikou,Tic tic tic hahahaha! Final countdown sound is hilarious. Bound to put a smile on all faces captured! Quality of the image is slightly inferior to stock camera app.,5
459,com.dozingcatsoftware.cameratimer,Robert Bajko,"Crashed my nexus 4 when I took a picture, plus it rotates the picture.",1
460,com.dozingcatsoftware.cameratimer,T Ware,Needs rotation options !!,3
461,com.dozingcatsoftware.cameratimer,Regia Rahadini,Not bad,5
462,com.dozingcatsoftware.cameratimer,A Google user,takes low resolution pictures using the front facing camera (320x240) with no way to change the setting that I've found. Otherwise does what it says. Disppointed really wanted this to work. Galaxy Nexus,2
463,com.dozingcatsoftware.cameratimer,Toni Czec,"Sent error report - liked the app a lot, hopefully will be updated to fix error then will update review and add stars.",3
464,com.dozingcatsoftware.cameratimer,Neecy Blanton,I likey a lot! :-),4
465,com.dozingcatsoftware.cameratimer,RJ,Downloaded and worked! Commando G Z 1! The number 1 phone on the planet! I need apps as tuff as this phone ! 5 star app!,5
466,com.dozingcatsoftware.cameratimer,A Google user,Since the camera that came with my phone doesn't have a timer this app is just what I was looking for! So far its been great.,5
467,com.dozingcatsoftware.cameratimer,A Google user,Very sharp on G-slate,5
468,com.dozingcatsoftware.cameratimer,A Google user,I'm glad I installed this app it works with the front facing cam. It only lacks zoom for if you are not using it on front facing cam but the regular cam has the ability to use a self timer so works good for me.,5
469,com.dozingcatsoftware.cameratimer,A Google user,not bad,4
470,com.dozingcatsoftware.cameratimer,A Google user,I was moved.,5
471,com.dozingcatsoftware.cameratimer,A Google user,Hi,5
472,com.dozingcatsoftware.cameratimer,A Google user,"Good app.. .....but the problem with this, it works once and force close on my xperia x8.... PLEASE FIX THIS....",3
473,com.dozingcatsoftware.cameratimer,A Google user,App force closes and only gives vga quality pictures (galaxy nexus),1
474,com.dozingcatsoftware.cameratimer,A Google user,Really recommend this cam.,5
475,com.dozingcatsoftware.cameratimer,A Google user,I dont know how to switch to front camera??  Dosnt have the option,2
476,com.dozingcatsoftware.cameratimer,A Google user,Works a couple times then force closes on pics..  I love the idea though.,3
477,com.dozingcatsoftware.cameratimer,A Google user,"This app creates pictures that are squeezed horizontally, that makes it unusable for my purposes.",2
478,com.dozingcatsoftware.cameratimer,A Google user,B.s.,1
479,com.dozingcatsoftware.cameratimer,A Google user,"Best of several timers tried so far. Quirky beep noise makes subjects smile - clever. Name ""camtimer"" does not show up in camera or timer searches. Battled to find it.",5
480,com.dozingcatsoftware.cameratimer,A Google user,Gotta laugh on the beep sound. Worked ok - moto droid 3 mavrom 3.0,5
481,com.dozingcatsoftware.cameratimer,A Google user,This app is a total failure,1
482,com.dozingcatsoftware.cameratimer,A Google user,Ok it worked fine on my motorola defy mb525 or something BUT I had to laugh at the beep as long as you don't use it too much it is fine,3
483,com.dozingcatsoftware.cameratimer,A Google user,Worked once then just froze my phone...motorola blur,1
484,com.dozingcatsoftware.cameratimer,A Google user,"Works great on my droid x, only problem is my zoom won't work when I'm using this app.",4
485,com.dozingcatsoftware.cameratimer,A Google user,"I would love to rate higher, but the pictures are grainy and scratchy. Cannot see the photo at all. G2",2
486,com.dozingcatsoftware.cameratimer,A Google user,"Does what it says , was looking for app like this! 5/5",5
487,com.dozingcatsoftware.cameratimer,A Google user,Does exactly what it says it will,5
